AUN,district,county,adm,wadm,instruction,support,other,current,facilities,financing,total,"AIE per WADM"
112011103,Bermudian Springs SD,Adams,2176.758,2499.125,5481.05,2832.25,277.88,8591.18,0,1509.12,10100.3,5321.59
112011603,Conewago Valley SD,Adams,3939.555,4533.233,5830.79,2816.66,213.94,8861.39,0,955.96,9817.35,5780.24
112013054,Fairfield Area SD,Adams,1224.608,1429.453,6351.17,3639.94,291.58,10282.69,0,1652.36,11935.06,6972.28
112013753,Gettysburg Area SD,Adams,3304.356,3915.715,7366.77,4324.14,280.93,11971.84,0,1442.3,13414.14,7669.67
112015203,Littlestown Area SD,Adams,2267.682,2622.518,6243.04,2869.98,169.93,9282.94,0,1267.84,10550.78,6243.64
112018523,Upper Adams SD,Adams,1836.449,2167.262,6380.04,3538.55,309.35,10227.95,0,1527.21,11755.16,6364.16
103020603,Allegheny Valley SD,Allegheny,1171.075,1397.262,7260.84,5735.27,611.88,13608,0,2400.76,16008.76,9029.13
103020753,Avonworth SD,Allegheny,1351.055,1564.66,7746.08,6018.2,497.85,14262.13,0,2111.97,16374.1,8229.95
103021102,Baldwin-Whitehall SD,Allegheny,4279.642,5089.976,6598.19,4222.13,252.54,11072.86,88.86,1991.04,13152.76,7298.3
103021252,Bethel Park SD,Allegheny,4943.687,5728.18,7490.04,3690.51,255.24,11435.78,16.24,2404.42,13856.44,7834.55
103021453,Brentwood Borough SD,Allegheny,1265.862,1502.882,7182,3581.35,468.57,11231.91,159.26,1488.9,12880.07,7766.37
103021603,Carlynton SD,Allegheny,1544.629,1804.086,8167.8,4104.86,256.09,12528.75,0,1050.58,13579.33,8138.63
103021752,Chartiers Valley SD,Allegheny,3531.855,4156.459,6180.59,4149.91,316.53,10647.03,7.61,3222.11,13876.75,6935.89
103021903,Clairton City SD,Allegheny,902.236,1060.204,11169.82,4222.53,189.61,15581.97,0,52.24,15634.2,9350.35
103022103,Cornell SD,Allegheny,710.21,846.65,8855.7,4655.04,484.9,13995.64,377.53,1648.29,16021.46,8858.29
103022253,Deer Lakes SD,Allegheny,2061.629,2429.468,7642.24,4861.47,177.97,12681.68,0,1465.86,14147.54,8025.22
103022503,Duquesne City SD,Allegheny,757.752,880.564,11504.52,4264.11,27.74,15796.37,0,2117.73,17914.11,5066.28
103022803,East Allegheny SD,Allegheny,1935.268,2281.63,7799.68,4027.41,225.49,12052.59,0,1637.83,13690.41,7093.87
103023153,Elizabeth Forward SD,Allegheny,2771.058,3309.112,6675.62,4652.99,290.35,11618.96,0,336.63,11955.59,7352.4
103023912,Fox Chapel Area SD,Allegheny,4627.596,5462.301,9053.84,4660.55,373.91,14088.3,28.29,1825.11,15941.7,9674.34
103024102,Gateway SD,Allegheny,4244.692,4971.189,8791.6,4389.36,243.16,13424.13,0,1043.37,14467.5,9150.96
103024603,Hampton Township SD,Allegheny,3112.392,3610.349,7135.45,3568.84,314.13,11018.43,0,1913.7,12932.13,7686.51
103024753,Highlands SD,Allegheny,2902.816,3345.769,6959.93,3824.78,195.92,10980.64,0,754.15,11734.79,6706.43
103025002,Keystone Oaks SD,Allegheny,2322.903,2684.395,7665.77,4509.9,350.05,12525.72,0,2173.65,14699.37,8436.1
103026002,McKeesport Area SD,Allegheny,4357.903,5136.962,7643.43,3645.43,145.42,11434.29,0,1690.36,13124.65,5955.48
103026303,Montour SD,Allegheny,3179.688,3761.123,7275.24,4667.7,331.5,12274.44,0,1298.04,13572.48,8075.79
103026343,Moon Area SD,Allegheny,3826.73,4420.181,7775.96,3932.62,565.04,12273.62,0,2064.12,14337.74,8496.03
103026402,Mt Lebanon SD,Allegheny,5448.911,6278.504,7503.93,4063.37,407.38,11974.68,0,1438.07,13412.75,8783.81
103026852,North Allegheny SD,Allegheny,8134.591,9322.664,7806.37,3924.52,258.86,11989.75,1.47,3718.64,15709.86,8632.92
103026902,North Hills SD,Allegheny,4569.708,5386.005,7633.9,3910.8,310.4,11855.09,3.5,1280.98,13139.58,8136.23
103026873,Northgate SD,Allegheny,1402.193,1664.235,7907.22,3880.39,357.17,12144.78,31.74,809.04,12985.56,7840.17
103027352,Penn Hills SD,Allegheny,5483.777,6450.791,7976.06,4485.19,219.78,12681.02,0,612.42,13293.44,7781.61
103021003,Pine-Richland SD,Allegheny,4461.094,5080.888,6742.65,3348.87,350.36,10441.88,216.66,1813.44,12471.98,7556.22
102027451,Pittsburgh SD,Allegheny,29961.877,35165.812,10985.13,6595.17,265.69,17845.99,242.33,2126.44,20214.76,10912.66
103027503,Plum Borough SD,Allegheny,4319.363,5102.278,6695.72,3322.21,147.66,10165.59,36.78,1352.89,11555.26,6536.13
103027753,Quaker Valley SD,Allegheny,1932.264,2212.959,8826.62,5666.14,620.53,15113.29,0,3468.84,18582.13,11330.41
103028203,Riverview SD,Allegheny,1179.5,1403.754,7714.13,4785.59,488.76,12988.48,69.63,1030.17,14088.27,8442.38
103028302,Shaler Area SD,Allegheny,5221.557,6071.308,7355.91,3910.61,291.07,11557.6,28.68,1408.29,12994.57,7229.72
103028653,South Allegheny SD,Allegheny,1712.499,2038.946,6687.44,3255.71,176.36,10119.51,39.04,1155.86,11314.41,6077.87
103028703,South Fayette Township SD,Allegheny,2194.507,2454.545,6303.19,4374.97,368.67,11046.83,0,2093.51,13140.35,7773.24
103028753,South Park SD,Allegheny,2237.172,2589.511,6314.87,3988.55,346.79,10650.21,0,8502.58,19152.8,6926.43
103028833,Steel Valley SD,Allegheny,2115.633,2499.248,7918.81,3679.33,300.37,11898.51,0,758.41,12656.92,7634.35
103028853,Sto-Rox SD,Allegheny,1642.31,1924.933,8202.57,5324.86,191.7,13719.12,20.36,1016.72,14756.21,7956.02
103029203,Upper Saint Clair SD,Allegheny,4114.271,4754.111,7672.73,4125.98,270.43,12069.14,0,1178.82,13247.96,8232.92
103029403,West Allegheny SD,Allegheny,3300.887,3766.763,6549.8,4381.96,360.33,11292.1,61.1,2395.52,13748.73,7722.59
103029553,West Jefferson Hills SD,Allegheny,2899.125,3324.834,6602,3558.46,313.87,10474.33,0,1271.39,11745.72,7237.61
103029603,West Mifflin Area SD,Allegheny,3213.996,3792.164,7433.4,4438.76,416.76,12288.92,1.75,1711.24,14001.91,7326.78
103029803,Wilkinsburg Borough SD,Allegheny,1526.732,1780.2,11544.29,5547.74,459.3,17551.32,0,419.66,17970.97,10436.62
103029902,Woodland Hills SD,Allegheny,5319.755,6271.814,9304.72,4181.4,275.02,13761.14,7.52,1323.44,15092.1,8056.09
128030603,Apollo-Ridge SD,Armstrong,1620.601,1882.285,7187.65,3296.71,51.93,10536.29,0,991.08,11527.37,6806.52
128030852,Armstrong SD,Armstrong,6321.927,7336.449,7900.61,4068.95,248.88,12218.44,10.73,808.01,13037.18,7454.61
128033053,Freeport Area SD,Armstrong,2018.106,2363.657,5964.7,3322.73,141.18,9428.61,0,1395.3,10823.91,6425.23
128034503,Leechburg Area SD,Armstrong,897.915,1024.985,7667.11,3512.82,297.71,11477.64,0,9855.12,21332.76,7927.55
127040503,Aliquippa SD,Beaver,1246.973,1460.449,8938.01,6340.2,407.01,15685.22,1322.97,679.3,17687.48,9600.49
127040703,Ambridge Area SD,Beaver,2961.811,3339.409,6862.88,3340.83,219.44,10423.15,0,1870.9,12294.05,6847.25
127041203,Beaver Area SD,Beaver,2132.382,2470.411,5506.2,3708.17,332.9,9547.27,1.1,1302.19,10850.55,6141.98
127041503,Big Beaver Falls Area SD,Beaver,1881.978,2220.336,6930.51,4099.03,382.51,11412.04,100.43,1083.57,12596.05,6709.08
127041603,Blackhawk SD,Beaver,2764.229,3199.193,6414.14,3336.6,269.6,10020.34,0,317.28,10337.62,6828.69
127041903,Center Area SD,Beaver,1890.471,2193.388,6128.47,3475.88,295.82,9900.17,0,1003.34,10903.51,6557.25
127042853,Freedom Area SD,Beaver,1654.282,1904.477,5912.11,3497.38,315.15,9724.65,0,1310.48,11035.13,5898.27
127044103,Hopewell Area SD,Beaver,2750.358,3281.437,6362.21,3279.62,287.31,9929.14,0,1363.45,11292.59,6220.19
127045303,Midland Borough SD,Beaver,455.388,507.65,7458.18,3585.27,105.8,11149.25,545.18,372.47,12066.89,6997.58
127045453,Monaca SD,Beaver,724.526,848.098,7814.54,2929.61,264.16,11008.31,241.27,1421.53,12671.11,7442.96
127045653,New Brighton Area SD,Beaver,1825.999,2084.362,6251.12,3152,197.82,9600.94,132.91,1487.72,11221.57,6469.76
127045853,Riverside Beaver County SD,Beaver,1725.848,2056.603,6902.38,4004.09,239.81,11146.28,0,1327.11,12473.39,6497.23
127046903,Rochester Area SD,Beaver,1022.206,1214.633,8096.59,3988.87,265.85,12351.31,1.7,890.02,13243.03,7962.03
127047404,South Side Area SD,Beaver,1315.295,1555.287,8536.99,4729.75,402.43,13669.17,0,3004.01,16673.18,8722.48
127049303,Western Beaver County SD,Beaver,851.18,1001.517,8155.15,4294.11,167.78,12617.04,0,358.28,12975.32,7710.28
108051003,Bedford Area SD,Bedford,2369.48,2776.296,5690.92,3597.65,205.89,9494.47,0,545.92,10040.39,5334.42
108051503,Chestnut Ridge SD,Bedford,1736.023,2037.544,5874.56,3626.85,238.65,9740.07,0,2449.45,12189.52,5476.46
108053003,Everett Area SD,Bedford,1517.539,1783.712,6548.91,3294.68,198.56,10042.15,0,559.75,10601.9,5859.58
108056004,Northern Bedford County SD,Bedford,1130.942,1328.063,6055.11,3156.52,168.54,9380.17,181.62,265.99,9827.78,5654.11
108058003,Tussey Mountain SD,Bedford,1249.078,1434.442,6918.11,3838.53,190.76,10947.4,255.63,1313.22,12516.26,6010.46
114060503,Antietam SD,Berks,1115.121,1306.672,6379.15,3432.91,286.31,10098.37,0.44,1753.36,11852.16,6905.03
114060753,Boyertown Area SD,Berks,7140.156,8147.354,6292.89,3652.21,153.2,10098.3,0,1304.05,11402.35,6790.19
114060853,Brandywine Heights Area SD,Berks,1908.649,2204.33,7749.42,4288.68,305.35,12343.45,10.92,1901.46,14255.83,8077.87
114061103,Conrad Weiser Area SD,Berks,3055.646,3527.765,7010.4,3437.82,118.82,10567.05,0,1303.79,11870.84,6745.08
114061503,Daniel Boone Area SD,Berks,3949.295,4615.922,6041.57,3348.54,200.28,9590.38,0,1790.4,11380.79,6654.91
114062003,Exeter Township SD,Berks,4406.079,5092.326,6972.88,3097.15,231.21,10301.24,296.15,1855.6,12453,7398.74
114062503,Fleetwood Area SD,Berks,2758.008,3204.72,6195.71,3633.08,36.89,9865.68,0,2318.08,12183.76,6574.59
114063003,Governor Mifflin SD,Berks,4267.78,4919.684,6597.18,3627.32,224.98,10449.48,308.49,1840.75,12598.72,7425.13
114063503,Hamburg Area SD,Berks,2621.517,3088.772,6502.94,3351.58,24.94,9879.45,321.5,1769.12,11970.07,6357.42
114064003,Kutztown Area SD,Berks,1704.762,1967.302,8362.95,4573.71,291.19,13227.86,0,1495.39,14723.25,9466.81
114065503,Muhlenberg SD,Berks,3438.804,3974.653,6388.15,3269.64,348.59,10006.39,0,2352.35,12358.73,7025.96
114066503,Oley Valley SD,Berks,2018.235,2359.306,7021.36,4465.96,203.27,11690.59,3.45,1649.56,13343.61,8033.86
114067002,Reading SD,Berks,17957.593,20348.198,5928.78,2968.97,116.27,9014.02,0.91,557.9,9572.83,4915.98
114067503,Schuylkill Valley SD,Berks,2039.839,2419.729,8158.99,3886.12,410.36,12455.47,0,1783.6,14239.07,8163.87
114068003,Tulpehocken Area SD,Berks,1691.328,1987.026,8254.5,4167.76,257.61,12679.86,83.82,2374.36,15138.05,8342.65
114068103,Twin Valley SD,Berks,3559.521,4153.545,7350.78,3497,263.68,11111.47,10.59,1820.37,12942.43,7340.17
114069103,Wilson SD,Berks,5773.576,6635.498,6643.76,3432.87,258.28,10334.91,0,2058.59,12393.49,7212.13
114069353,Wyomissing Area SD,Berks,1914.18,2263.309,7435.19,4585.88,138.83,12159.91,0,2554.44,14714.34,9048.87
108070502,Altoona Area SD,Blair,8161.899,9526.018,6269.17,3162.53,203.24,9634.94,0,513.38,10148.32,5410.74
108071003,Bellwood-Antis SD,Blair,1337.456,1528.401,6059.56,3549.27,232,9840.84,3.59,1454.7,11299.13,6262.87
108071504,Claysburg-Kimmel SD,Blair,932.549,1088.079,6027.16,3199.73,31.38,9258.27,0,2454.8,11713.08,5858.11
108073503,Hollidaysburg Area SD,Blair,3599.934,4248.076,6516.63,3398.12,37.64,9952.39,0,1185.49,11137.87,6627.37
108077503,Spring Cove SD,Blair,1936.525,2293.078,5789.2,2988.64,171.27,8949.11,25.36,1037.55,10012.02,6166.64
108078003,Tyrone Area SD,Blair,1839.446,2171.758,5761.18,3844.23,65.86,9671.26,223.82,7042.74,16937.82,5420.69
108079004,Williamsburg Community SD,Blair,557.602,662.269,6612.88,3987.02,362.94,10962.84,0,10584.84,21547.68,6810.61
117080503,Athens Area SD,Bradford,2375.407,2797.157,7726.14,3552.63,150.47,11429.24,0,1303.58,12732.83,6868.44
117081003,Canton Area SD,Bradford,1098.741,1288.546,7524.15,3856.5,304.18,11684.83,0,1044.45,12729.28,6896.63
117083004,Northeast Bradford SD,Bradford,864.323,1009.611,7226.97,3886.01,218.61,11331.58,20.61,877.28,12229.48,6980.29
117086003,Sayre Area SD,Bradford,1230.812,1419.513,6683.94,3735.56,356.79,10776.29,22.22,797.54,11596.04,7128.07
117086503,Towanda Area SD,Bradford,1729.408,2028.786,6254.45,3422.81,338.95,10016.21,88.46,1323.82,11428.48,5841.14
117086653,Troy Area SD,Bradford,1673.689,1991.457,6907,3548.51,215.35,10670.86,0,1267.71,11938.57,6161.43
117089003,Wyalusing Area SD,Bradford,1439.513,1686.336,6840.17,3823.77,194.17,10858.11,0,1218.15,12076.26,10281.62
122091002,Bensalem Township SD,Bucks,6806.827,7877.951,9186.63,4998.04,187.15,14371.82,0,1268.32,15640.13,10261.58
122091303,Bristol Borough SD,Bucks,1296.956,1536.152,9249.17,3372.65,196.89,12818.71,0,1828.06,14646.76,8173.35
122091352,Bristol Township SD,Bucks,7153.28,8430.127,9475.68,4936.18,171.21,14583.07,0,1017.78,15600.85,9217.85
122092002,Centennial SD,Bucks,6163.787,7072.641,8285.84,4210.5,173.07,12669.4,0,499.91,13169.32,8770.17
122092102,Central Bucks SD,Bucks,20518.579,23451.529,6655.27,3647.15,250.47,10552.89,0,1896.8,12449.68,7358.66
122092353,Council Rock SD,Bucks,12647.063,14710.726,9148.87,3932.29,73.13,13154.28,0,1310.3,14464.58,9274.7
122097203,Morrisville Borough SD,Bucks,980.274,1154.747,12718.01,4830,403.54,17951.54,0,1507.21,19458.75,12092.83
122097502,Neshaminy SD,Bucks,9578.864,11142.42,10846.13,4724.8,196.65,15767.58,38.75,1140.92,16947.25,11032.28
122097604,New Hope-Solebury SD,Bucks,1535.11,1801.362,10255.1,6706.71,330.73,17292.53,33.24,2282.34,19608.11,12360.89
122098003,Palisades SD,Bucks,2102.069,2453.034,8768.02,5347.77,149.85,14265.64,0,1403.76,15669.4,9839.28
122098103,Pennridge SD,Bucks,7494.717,8637.607,7456.02,3778.07,38.19,11272.28,0,2799.79,14072.07,7813.57
122098202,Pennsbury SD,Bucks,11837.229,13622.144,9117.18,3900.94,119.4,13137.51,0,995.39,14132.9,10017.47
122098403,Quakertown Community SD,Bucks,5528.636,6288.92,8710.82,4319.54,189.48,13219.84,0,1285.68,14505.52,9406.93
104101252,Butler Area SD,Butler,8215.181,9439.308,6177.25,2925.81,149.34,9252.4,0,876.94,10129.34,5795.7
104103603,Karns City Area SD,Butler,1798.638,2109.238,6643.21,3160.38,216.86,10020.45,47.63,745.07,10813.15,6045.92
104105003,Mars Area SD,Butler,3092.569,3527.53,5331.23,3173.27,258.77,8763.28,0,1437.73,10201.01,6183.03
104105353,Moniteau SD,Butler,1666.885,1934.236,5881.65,3755.44,391.45,10028.54,0,724.15,10752.7,5949.25
104107903,Seneca Valley SD,Butler,7698.238,8701.936,6732.06,2955.68,195.44,9883.17,9.76,1097.67,10990.59,6890.8
104107503,Slippery Rock Area SD,Butler,2452.846,2900.974,6069.36,2834.58,141.08,9045.02,0,1155.93,10200.95,5739.42
104107803,South Butler County SD,Butler,2942.376,3406.057,5291.2,3217.2,45.35,8553.74,0,1307.76,9861.5,5544.31
108110603,Blacklick Valley SD,Cambria,696.153,824.246,7169.12,4143.09,439.79,11752,0,195.67,11947.68,7344.17
108111203,Cambria Heights SD,Cambria,1495.335,1772.648,7164.02,3536.86,239.23,10940.11,10.1,883.51,11833.72,6586.74
108111303,Central Cambria SD,Cambria,1862.208,2191.019,6258.34,3179.82,222.49,9660.64,0,1911.78,11572.43,5785.81
108111403,Conemaugh Valley SD,Cambria,1019.973,1179.583,5928.34,3238.12,220.3,9386.76,0,449.17,9835.93,5742.73
108112003,Ferndale Area SD,Cambria,859.329,983.859,6184.74,3532.86,192.46,9910.06,0,947.63,10857.69,5931.13
108112203,Forest Hills SD,Cambria,2183.902,2605.272,5885.13,3195.56,291.79,9372.49,0,1076.53,10449.02,5744.36
108112502,Greater Johnstown SD,Cambria,3249.676,3796.462,6749.01,2997.62,229.75,9976.38,90.53,1264.51,11331.42,5184.69
108114503,Northern Cambria SD,Cambria,1270.834,1475.383,6935.96,3541.26,268.98,10746.2,0,815.55,11561.75,6667.4
108116003,Penn Cambria SD,Cambria,1798.248,2132.341,6618,3664.62,270.32,10552.94,0,1055.59,11608.53,5698.1
108116303,Portage Area SD,Cambria,995.462,1134.301,6056.12,3292.72,80.02,9428.86,9.04,897.63,10335.53,6274.97
108116503,Richland SD,Cambria,1664.519,1905.283,5150.25,3250.01,513.3,8913.56,0,4345.47,13259.02,5787.16
108118503,Westmont Hilltop SD,Cambria,1731.704,1996.637,5395.24,3391.49,338.84,9125.57,0,561.29,9686.85,6261.34
109122703,Cameron County SD,Cameron,830.273,993.532,7356.23,3729.6,301.74,11387.57,0,1270.58,12658.14,7650.19
121135003,Jim Thorpe Area SD,Carbon,2277.508,2661.5,6667.52,4394.26,262.66,11324.45,89.38,1726.86,13140.69,7315.6
121135503,Lehighton Area SD,Carbon,2539.064,2983.377,7609.22,3184.5,209.67,11003.4,55.3,1531.36,12590.06,7359.18
121136503,Palmerton Area SD,Carbon,2080.268,2368.751,7258.01,2799.32,183,10240.33,0,701.43,10941.77,7008.27
121136603,Panther Valley SD,Carbon,1803.675,2056.901,6509.05,3300.34,188.69,9998.09,9.35,2130.07,12137.5,6110.61
121139004,Weatherly Area SD,Carbon,778.539,927.337,7806.76,4739.51,4.16,12550.44,0,1102.7,13653.14,7788.13
110141003,Bald Eagle Area SD,Centre,1969.146,2323.229,6877.68,3921.45,261.74,11060.86,0,1545.58,12606.44,6573.42
110141103,Bellefonte Area SD,Centre,3046.373,3608.988,7016.3,3887.29,54.2,10957.79,0,1310.55,12268.34,7074.43
110147003,Penns Valley Area SD,Centre,1645.781,1931.37,7052.77,4227.31,74.85,11354.93,0,1973.77,13328.7,6676.84
110148002,State College Area SD,Centre,7379.816,8738.35,7900.84,4304.72,86,12291.56,0,1341.72,13633.28,8441.47
124150503,Avon Grove SD,Chester,6025.101,6907.245,6256.32,3156.55,191.27,9604.14,0,980.57,10584.71,6459.32
124151902,Coatesville Area SD,Chester,8381.732,9781.637,9665.69,4627.86,5.36,14298.91,0,1499.32,15798.23,9557.75
124152003,Downingtown Area SD,Chester,12250.759,13959.994,7413.34,3494.38,54.02,10961.75,0,2930.86,13892.61,7578.83
124153503,Great Valley SD,Chester,4118.854,4705.327,8837.4,5404.5,384.22,14626.13,0,2348.7,16974.83,10461.67
124154003,Kennett Consolidated SD,Chester,4346.739,4953.491,7728.44,4639.8,214.52,12582.77,20.7,1792.49,14395.96,8641.14
124156503,Octorara Area SD,Chester,2766.877,3178.74,8125.33,4000.37,74.93,12200.64,0,1724.04,13924.68,8021.7
124156603,Owen J Roberts SD,Chester,4952.262,5595.229,6983.64,4673.18,202.4,11859.22,0,3685.19,15544.41,8373.38
124156703,Oxford Area SD,Chester,4128.852,4717.924,6618.93,3037.45,185.02,9841.4,0,1756.28,11597.68,6713.05
124157203,Phoenixville Area SD,Chester,3815.921,4363.328,10629.08,4919.92,305.94,15854.94,0,1613.84,17468.78,11712.8
124157802,Tredyffrin-Easttown SD,Chester,6164.751,7028.764,8549.29,5211.85,293.36,14054.5,0,1053.02,15107.52,10173.46
124158503,Unionville-Chadds Ford SD,Chester,4185.685,4817.836,8074.12,5011.07,239.45,13324.64,0,1805.32,15129.95,9406.16
124159002,West Chester Area SD,Chester,12360.747,14219.974,8378.44,4570.7,323.92,13273.06,21.95,1876.28,15171.29,9215.74
106160303,Allegheny-Clarion Valley SD,Clarion,934.006,1091.913,8416.03,4114.22,48.85,12579.1,0,1226.3,13805.4,6638.26
106161203,Clarion Area SD,Clarion,890.435,1051.162,6684.48,3850.67,337.47,10872.63,17.2,1443.61,12333.43,7013.32
106161703,Clarion-Limestone Area SD,Clarion,1078.138,1266.861,6362.74,3456.99,189.81,10009.55,0,712.19,10721.74,6196.02
106166503,Keystone SD,Clarion,1235.101,1450.345,7150.94,3258.18,200.75,10609.87,0,778.36,11388.22,6352.29
106167504,North Clarion County SD,Clarion,676.136,770.976,6725.66,3624.34,148.38,10498.38,1.63,803.38,11303.38,6410.93
106168003,Redbank Valley SD,Clarion,1255.314,1483.788,7539.94,3241.81,292.26,11074.01,34.65,823.14,11931.8,6857.75
106169003,Union SD,Clarion,725.852,866.271,8031.5,3814.78,330.64,12176.92,0,1045.02,13221.94,7562.21
110171003,Clearfield Area SD,Clearfield,2684.271,3193.496,6767.74,3704.17,135,10606.91,0,1194.46,11801.37,6302.67
110171803,Curwensville Area SD,Clearfield,1166.674,1375.625,6554.53,3538.89,270.92,10364.34,211.77,1120.75,11696.86,6421.02
106172003,Dubois Area SD,Clearfield,4360.09,5133.085,6391.41,3827.42,140.89,10359.72,0,748.78,11108.5,6350.93
110173003,Glendale SD,Clearfield,865.757,1020.326,6579.17,4196.46,318.49,11094.12,347.87,879.22,12321.21,6699.26
110173504,Harmony Area SD,Clearfield,378.863,435.2,7914.43,4996.12,217.01,13127.55,0,800.03,13927.58,6933
110175003,Moshannon Valley SD,Clearfield,1028.993,1211.905,6736.81,3403.89,204.24,10344.94,3.73,2512.47,12861.14,6029.02
110177003,Philipsburg-Osceola Area SD,Clearfield,2054.085,2420.019,6536.31,3397.11,71.1,10004.52,29.87,1709.13,11743.52,6404.93
110179003,West Branch Area SD,Clearfield,1323.972,1531.248,6451.9,2934.8,175.29,9561.99,0,2311.83,11873.82,5898.88
110183602,Keystone Central SD,Clinton,4738.061,5596.532,7797.92,3299.03,118.22,11215.17,0.7,1193.38,12409.25,6954.89
116191004,Benton Area SD,Columbia,806.217,957.557,6621.27,3713.62,233.92,10568.81,57.09,1108.14,11734.04,6290.62
116191103,Berwick Area SD,Columbia,3394.931,4033.99,7099.59,2734.88,77.38,9911.85,0,1092.01,11003.86,6096.28
116191203,Bloomsburg Area SD,Columbia,1832.421,2149.582,6271.13,3069.78,306.45,9647.35,0,2023.65,11671.01,6344.57
116191503,Central Columbia SD,Columbia,2224.451,2573.789,5737.02,3126.01,174.99,9038.02,0,957.77,9995.79,5692.13
116195004,Millville Area SD,Columbia,790.343,921.01,7834.96,4232.71,271.9,12339.57,0,1334.17,13673.74,7614.76
116197503,Southern Columbia Area SD,Columbia,1496.294,1749.2,6716.96,3090.98,26.75,9834.69,0,831.66,10666.35,5849.38
105201033,Conneaut SD,Crawford,2742.525,3252.889,6184.36,3794.99,245.93,10225.28,2.3,1482.5,11710.08,5951.56
105201352,Crawford Central SD,Crawford,4133.75,4849.233,6619.55,3260.16,289.6,10169.32,0,904.09,11073.41,6454.86
105204703,Penncrest SD,Crawford,3842.782,4549.759,7144.97,3575.9,331.44,11052.31,0,886.8,11939.11,6205.72
115210503,Big Spring SD,Cumberland,3174.587,3660.871,6264.48,3596.29,155.81,10016.59,0,1766.17,11782.76,6469.11
115211003,Camp Hill SD,Cumberland,1159.053,1313.79,7107.69,3970.71,313.32,11391.72,0,1317.15,12708.87,7935.87
115211103,Carlisle Area SD,Cumberland,4842.487,5617.728,6356.41,3685.63,204.53,10246.57,1.55,1873.93,12122.05,6678.51
115211603,Cumberland Valley SD,Cumberland,7758.577,8904.362,6100.86,3299.58,68.08,9468.51,65.4,3367.7,12901.61,6422.8
115212503,East Pennsboro Area SD,Cumberland,2917.15,3409.825,6335.22,3032.76,185.06,9553.04,21.75,1425.65,11000.45,6362.59
115216503,Mechanicsburg Area SD,Cumberland,3724.701,4263.857,6636.48,3408.62,354.45,10399.55,3.17,2901.17,13303.89,7216.16
115218003,Shippensburg Area SD,Cumberland,3441.893,4029.167,6437.85,2548.01,139.19,9125.05,0,1037.74,10162.79,5817.46
115218303,South Middleton SD,Cumberland,2221.268,2626.557,6229.9,3655.48,158.63,10044,0,1508.54,11552.54,6842.84
115221402,Central Dauphin SD,Dauphin,11650.235,13423.234,7236.33,3483.02,68.42,10787.77,0,2848.83,13636.6,7273.57
115221753,Derry Township SD,Dauphin,3572.271,4104.505,6819.5,4438.33,101.49,11359.32,176.26,3157.03,14692.61,7958.23
115222504,Halifax Area SD,Dauphin,1259.157,1481.94,7254.22,4732.7,71.96,12058.88,46.06,832.92,12937.86,7283.57
115222752,Harrisburg City SD,Dauphin,8275.327,9683.733,9504.13,4439.4,54.55,13998.08,0,2449.31,16447.39,7337.84
115224003,Lower Dauphin SD,Dauphin,4108.609,4724.575,6734.57,3293,163.1,10190.68,0,1391.71,11582.4,6752.57
115226003,Middletown Area SD,Dauphin,2511.615,2949.583,7523.61,4097.86,77.23,11698.69,0.93,2569.87,14269.5,7862.25
115226103,Millersburg Area SD,Dauphin,937.072,1074.625,7178.83,3379.56,146.29,10704.68,16.71,1667.55,12388.93,7160.05
115228003,Steelton-Highspire SD,Dauphin,1362.075,1582.01,8105.08,3509.66,240.6,11855.34,0,1040.92,12896.26,7309.83
115228303,Susquehanna Township SD,Dauphin,3275.763,3786.875,6872.58,3176.1,280.38,10329.06,0,1356.1,11685.16,6843.78
115229003,Upper Dauphin Area SD,Dauphin,1296.046,1492.029,7702.61,3546.33,171.24,11420.17,0,2119.99,13540.16,7533.03
125231232,Chester-Upland SD,Delaware,7014.866,8094.309,8993.51,2914.95,65.18,11973.64,0,939.94,12913.57,6384.18
125231303,Chichester SD,Delaware,3533.398,4180.337,8638.47,4511.2,328.63,13478.3,0,2783.17,16261.48,8868.29
125234103,Garnet Valley SD,Delaware,4752.007,5407.674,8258.51,3877.67,544.54,12680.72,0,2207.29,14888.01,9268.39
125234502,Haverford Township SD,Delaware,5621.002,6429.902,7886.93,4024.24,250.84,12162.01,0,1303.05,13465.07,8441.17
125235103,Interboro SD,Delaware,3883.159,4618.816,7861.39,3828.79,184.91,11875.09,46.34,778.12,12699.55,8001.28
125235502,Marple Newtown SD,Delaware,3586.223,4178.401,9375.72,5260.77,293.42,14929.91,0,1246.06,16175.97,9959.2
125236903,Penn-Delco SD,Delaware,3501.974,4048.921,7035.18,3877.41,268.31,11180.9,0,2899,14079.91,7498.55
125237603,Radnor Township SD,Delaware,3630.307,4174.345,10435.02,5958.92,332.85,16726.79,0,1917.63,18644.41,11810.46
125237702,Ridley SD,Delaware,5806.015,6774.755,8646.73,3248.11,214.55,12109.39,0,1152.84,13262.23,8261.67
125237903,Rose Tree Media SD,Delaware,3939.98,4580.583,9799.22,5731.76,288.16,15819.14,0.24,2193.93,18013.31,10658.02
125238402,Southeast Delco SD,Delaware,4036.95,4730.071,8951.57,3924.85,139.92,13016.34,0,1209.04,14225.38,7765.59
125238502,Springfield SD,Delaware,3449.675,3946.809,8191.89,4918.6,325.9,13436.4,0,1946.99,15383.39,9622.04
125239452,Upper Darby SD,Delaware,12271.908,14082.419,7406.2,3150.04,342.58,10898.82,8.25,531.47,11438.54,6830.08
125239603,Wallingford-Swarthmore SD,Delaware,3558.694,4150.412,8981.19,4720.4,301.63,14003.21,151.25,1756.35,15910.81,9726.96
125239652,William Penn SD,Delaware,5694.204,6667.312,8647.69,4220.96,125.45,12994.09,0,439.2,13433.29,7834.82
109243503,Johnsonburg Area SD,Elk,705.534,838.075,7227.79,4557.91,244.59,12030.3,189.4,1238.13,13457.82,7861.77
109246003,Ridgway Area SD,Elk,1044.868,1186.123,6506.14,3892.55,185.57,10584.26,0,1222.95,11807.21,6998.44
109248003,Saint Marys Area SD,Elk,2419.577,2864.729,5490.25,3190.18,243.14,8923.57,0,796.47,9720.04,5501.69
105251453,Corry Area SD,Erie,2355.689,2795.784,6484.15,3970.1,263.9,10718.15,17.48,1884.32,12619.95,5688.49
105252602,Erie City SD,Erie,13390.151,15584.281,7430.86,3634.64,140,11205.49,59.24,829.96,12094.69,6100.88
105253303,Fairview SD,Erie,1697.048,2027.156,6096.07,3740.13,375.84,10212.05,0,1786.42,11998.46,6480.86
105253553,Fort LeBoeuf SD,Erie,2317.159,2736.807,5204.04,3089.61,260.07,8553.72,454.65,1306.67,10315.04,5158.66
105253903,General McLane SD,Erie,2292.147,2720.145,6019.11,3580.94,103.83,9703.88,0,1795.1,11498.98,6138.31
105254053,Girard SD,Erie,2102.7,2477.363,5917.8,2707.68,261.26,8886.73,161.77,805.08,9853.59,5359.87
105254353,Harbor Creek SD,Erie,2120.444,2498.501,6639.54,3418.58,253.26,10311.38,19.38,2116.42,12447.19,6474.14
105256553,Iroquois SD,Erie,1294.951,1521.756,5975.38,3122.16,227.66,9325.2,0,1495.14,10820.34,5809.57
105257602,Millcreek Township SD,Erie,7464.006,8794.839,5657.02,3581.16,211.37,9449.55,0,1280.07,10729.62,6093
105258303,North East SD,Erie,1873.672,2238.672,5978.55,3229.48,253.23,9461.25,0,992.18,10453.43,6025.03
105258503,Northwestern SD,Erie,1776.105,2108.57,5873.5,2640.34,169.57,8683.41,0,1932.28,10615.69,4908.21
105259103,Union City Area SD,Erie,1354.235,1542.146,7044.24,3547.72,311.06,10903.01,73.21,1395.65,12371.87,6536.59
105259703,Wattsburg Area SD,Erie,1636.588,1932.666,5917.86,3790.28,222.34,9930.48,18.23,1465.4,11414.1,6307.85
101260303,Albert Gallatin Area SD,Fayette,3894.951,4583.749,6630.37,3581.21,216.19,10427.78,0,1711.39,12139.16,5679.09
101260803,Brownsville Area SD,Fayette,1975.32,2249.615,6965.54,3842.99,207.91,11016.44,0,957.31,11973.75,6569.53
101261302,Connellsville Area SD,Fayette,5431.623,6401.066,6401.95,3316,186.1,9904.04,0,1193.59,11097.63,6040.24
101262903,Frazier SD,Fayette,1166.077,1367.122,7587.24,3616.54,193.48,11397.26,0,832.23,12229.49,7049.95
101264003,Laurel Highlands SD,Fayette,3475.192,4094.265,6614.64,3111.73,206.02,9932.4,5.46,1324.46,11262.33,5737.98
101268003,Uniontown Area SD,Fayette,3373.08,3968.462,6412.75,3855.24,216.85,10484.84,0,1269.17,11754.01,6115.65
106272003,Forest Area SD,Forest,630.414,752.779,9156.55,6714.21,300.58,16171.34,0,1485.58,17656.92,9513.74
112281302,Chambersburg Area SD,Franklin,8772.536,10013.576,6861.3,2889.39,183.26,9933.95,58.24,875,10867.19,6522.74
112282004,Fannett-Metal SD,Franklin,585.517,691.033,7077.58,3846.14,204.43,11128.14,0,194.7,11322.84,5818.05
112283003,Greencastle-Antrim SD,Franklin,2924.122,3375.533,6032.56,3107.75,168.91,9309.22,6.46,897.91,10213.6,6205.99
112286003,Tuscarora SD,Franklin,2737.937,3190.898,6308.34,3000.05,166.7,9475.09,106.47,1660.92,11242.48,5897.93
112289003,Waynesboro Area SD,Franklin,4346.772,4947.982,6609.66,2590.48,38.44,9238.59,0,961.39,10199.98,5972.93
111291304,Central Fulton SD,Fulton,1054.352,1177.996,7453.37,3124.21,756.61,11334.19,2.64,6749.62,18086.45,7192.23
111292304,Forbes Road SD,Fulton,503.51,574.954,7241.43,4158.03,167.92,11567.38,0,1306.19,12873.57,7527.11
111297504,Southern Fulton SD,Fulton,927.937,1082.433,5537.78,3400.76,47.02,8985.56,119.11,402.03,9506.71,5566.37
101301303,Carmichaels Area SD,Greene,1118.307,1315.62,6757.95,3586.83,435.05,10779.83,8.95,602.03,11390.81,6219.2
101301403,Central Greene SD,Greene,2155.845,2542.293,6917.54,3922.87,247.52,11087.92,0,1422.04,12509.96,6594.13
101303503,Jefferson-Morgan SD,Greene,913.014,1067.869,8118.04,3928.05,361.39,12407.49,0,851.79,13259.27,7432.06
101306503,Southeastern Greene SD,Greene,734.032,867.756,7643.87,4891.29,237.58,12772.74,0,1889.48,14662.21,6972.55
101308503,West Greene SD,Greene,896.323,1065.376,8208.35,4922.2,232.52,13363.07,0,8737.43,22100.5,7945.77
111312503,Huntingdon Area SD,Huntingdon,2284.846,2700.542,5899.27,3317.71,31.91,9248.89,6.56,813.4,10068.86,5709.55
111312804,Juniata Valley SD,Huntingdon,835.737,984.342,6565.5,3596.29,352.35,10514.14,0,865.66,11379.81,6813.36
111316003,Mount Union Area SD,Huntingdon,1599.238,1873.103,6335.75,2959.21,188.84,9483.79,0,2174,11657.79,5387.46
111317503,Southern Huntingdon County SD,Huntingdon,1351.769,1589.583,6085.77,3412.32,235.77,9733.87,0,638.5,10372.36,5721.03
128321103,Blairsville-Saltsburg SD,Indiana,1996.082,2371.175,7814.29,4218.16,249.33,12281.78,0,1645.52,13927.3,7442.29
128323303,Homer-Center SD,Indiana,954.513,1129.431,7801.18,4047.41,313.51,12162.11,0,1292.55,13454.65,8170.14
128323703,Indiana Area SD,Indiana,2967.407,3528.561,8792.6,3884.82,323.24,13000.66,0,1060.69,14061.35,8743.28
128325203,Marion Center Area SD,Indiana,1492.44,1757.205,8003.73,4763.49,196.47,12963.7,0,1354.47,14318.16,7900.95
128326303,Penns Manor Area SD,Indiana,968.311,1134.938,8162.7,4079.1,282.05,12523.86,0,2103.12,14626.98,7892.9
128327303,Purchase Line SD,Indiana,1124.496,1318.043,7191.64,5311.03,218.54,12721.21,323.16,977.67,14022.05,8073.06
128328003,United SD,Indiana,1284.852,1474.663,7946.05,4578.12,284.81,12808.98,0,261.77,13070.75,8072.69
106330703,Brockway Area SD,Jefferson,1150.441,1358.95,6575.19,3231.5,182.26,9988.95,577.76,962.62,11529.34,6252.19
106330803,Brookville Area SD,Jefferson,1799.935,2127.632,6672.45,3658.55,246.56,10577.56,40.88,944.77,11563.21,6190.86
106338003,Punxsutawney Area SD,Jefferson,2714.943,3255.269,7310.09,3973.44,219.53,11503.07,8.78,722.23,12234.08,6578.72
111343603,Juniata County SD,Juniata,3220.801,3787.727,5275.64,3206.6,178.12,8660.36,0,433,9093.37,5245.33
119350303,Abington Heights SD,Lackawanna,3608.061,4169.104,6753.12,3276.65,180.42,10210.18,0,943.18,11153.37,6901.88
119351303,Carbondale Area SD,Lackawanna,1682.122,1960.219,6953.53,2905.13,166.68,10025.33,403.7,443.66,10872.68,5857.63
119352203,Dunmore SD,Lackawanna,1716.184,2023.277,5555.28,2498.26,262.88,8316.42,0,1058.3,9374.72,5390.96
119354603,Lakeland SD,Lackawanna,1688.693,1984.924,5917.12,2962.75,273.3,9153.17,18.54,209.46,9381.16,5289.42
119355503,Mid Valley SD,Lackawanna,1788.642,2037.23,5818.9,3325.47,325.55,9469.92,1.87,1292.76,10764.54,6398.14
119356503,North Pocono SD,Lackawanna,3304.507,3893.926,6403.21,3396.14,220.57,10019.92,16.31,1339.46,11375.69,5881.72
119356603,Old Forge SD,Lackawanna,895.349,1049.167,7106.7,3137.58,213.56,10457.85,0,2682.66,13140.5,6876.93
119357003,Riverside SD,Lackawanna,1550.985,1821.12,7983.6,4231.16,270.43,12485.2,0,1292.23,13777.43,7733.21
119357402,Scranton SD,Lackawanna,9941.147,11290.2,7210.51,2823.52,86.18,10120.21,0,663.62,10783.83,6231.36
119358403,Valley View SD,Lackawanna,2685.766,3145.663,5093.43,2950.08,126.38,8169.88,0,415.98,8585.86,5152.95
113361303,Cocalico SD,Lancaster,3501.79,4057.864,6780.4,3055.45,63.62,9899.46,0,1990.69,11890.16,6837.37
113361503,Columbia Borough SD,Lancaster,1501.268,1757.159,7307.39,3212.04,198.69,10718.12,0,1799.24,12517.36,6833.81
113361703,Conestoga Valley SD,Lancaster,4044.281,4651.307,6841.19,3195.66,237.82,10274.66,0,1626.51,11901.18,6929.05
113362203,Donegal SD,Lancaster,2881.425,3289.084,6388.34,3026.55,107.45,9522.33,34.03,1474.24,11030.61,6527.31
113362303,Eastern Lancaster County SD,Lancaster,3418.667,3982.797,6167.35,3824.82,297.86,10290.03,3.16,859.02,11152.21,6616.34
113362403,Elizabethtown Area SD,Lancaster,4019.475,4607.387,6168.33,2950.11,54.27,9172.71,0,1089.45,10262.16,6464.06
113362603,Ephrata Area SD,Lancaster,4095.739,4690.669,6073.47,3823.32,153.56,10050.36,0,1817.72,11868.08,6987.28
113363103,Hempfield SD,Lancaster,7369.034,8451.558,7128.48,3347.99,0,10476.47,0,1793.09,12269.56,7382.53
113363603,Lampeter-Strasburg SD,Lancaster,3365.131,3878.244,6459.99,3307.95,46.59,9814.52,0,1812.86,11627.38,7014.07
113364002,Lancaster SD,Lancaster,11364.775,13077.479,8500.61,3520.76,66.64,12088.01,0,1242.02,13330.02,6690.58
113364403,Manheim Central SD,Lancaster,3101.085,3673.321,6938.1,3289.25,223.75,10451.1,0,2764.72,13215.82,6784.56
113364503,Manheim Township SD,Lancaster,5750.363,6541.383,6126.24,3505.05,209.34,9840.63,8.36,2288.66,12137.65,8932.45
113365203,Penn Manor SD,Lancaster,5377.08,6238.554,6237.63,2849.1,189.55,9276.28,0,2066.21,11342.48,5997.14
113365303,Pequea Valley SD,Lancaster,1897.708,2249.425,7047.06,4210.07,196.23,11453.36,0,2712.31,14165.67,7301.43
113367003,Solanco SD,Lancaster,3952.374,4576.976,5859.13,3029.1,176.18,9064.42,0,1436.17,10500.59,5525.64
113369003,Warwick SD,Lancaster,4759.514,5479.841,6152.55,2898.81,194.12,9245.48,0.26,1798.95,11044.68,6326.42
104372003,Ellwood City Area SD,Lawrence,2141.259,2521.824,6403.83,3241.24,112.17,9757.25,54.93,1133.94,10946.12,6172.97
104374003,Laurel SD,Lawrence,1430.292,1680.538,5889.02,3090.95,246.02,9225.99,167.63,901.01,10294.64,5624.64
104375003,Mohawk Area SD,Lawrence,1777.823,2124.625,6725.11,2695.22,201.03,9621.36,279.69,375.79,10276.85,5740.61
104375203,Neshannock Township SD,Lawrence,1411.106,1598.889,5643.12,3378.99,249.04,9271.15,0,1942.42,11213.57,6692.16
104375302,New Castle Area SD,Lawrence,3685.25,4307.706,8053.6,2879.18,58,10990.78,0.51,1038.12,12029.4,6166.74
104376203,Shenango Area SD,Lawrence,1397.63,1648.236,6281.74,2882.6,196.19,9360.53,54.87,1136.71,10552.11,6208.57
104377003,Union Area SD,Lawrence,909.132,1051.635,6109.67,3143.7,373.23,9626.59,0,732.16,10358.75,6433.47
104378003,Wilmington Area SD,Lawrence,1524.958,1807.083,5920.19,3024.46,230.03,9174.68,0,954.14,10128.82,5122.76
113380303,Annville-Cleona SD,Lebanon,1611.107,1849.74,6605.29,3500.17,55.4,10160.86,0,1915.42,12076.27,6878.07
113381303,Cornwall-Lebanon SD,Lebanon,4907.912,5653.822,6479.44,3108.49,150.09,9738.02,1.57,2917.15,12656.73,6495.84
113382303,Eastern Lebanon County SD,Lebanon,2530.356,2908.222,6150.84,3323.84,207.46,9682.14,0,1580.2,11262.34,6468.73
113384603,Lebanon SD,Lebanon,4559.89,5122.551,7098.45,3037.98,176.9,10313.33,18.65,823.01,11154.99,5632.28
113385003,Northern Lebanon SD,Lebanon,2601.668,3002.905,6160.43,3327.57,196.19,9684.18,0,1069.77,10753.96,6291.6
113385303,Palmyra Area SD,Lebanon,3287.343,3737.002,5713.9,2570.39,149.86,8434.15,35.39,2013.95,10483.48,5841.64
121390302,Allentown City SD,Lehigh,18885.019,21368.034,6454.53,2976.33,135.48,9566.34,110.25,322.71,9999.31,5676.15
121391303,Catasauqua Area SD,Lehigh,1700.627,1960.923,8213.31,4078.14,230.87,12522.32,7.94,1767.98,14298.24,8516.92
121392303,East Penn SD,Lehigh,8185.293,9473.821,6570.02,3616.34,34.43,10220.8,0,1952.09,12172.89,7123.32
121394503,Northern Lehigh SD,Lehigh,2079.916,2457.29,7017.81,3681.8,207.91,10907.53,0,1219.51,12127.04,6879.17
121394603,Northwestern Lehigh SD,Lehigh,2438.262,2797.185,7289.94,4183.7,272.28,11745.92,0,1586.56,13332.48,7709.85
121395103,Parkland SD,Lehigh,9392.929,10824.148,7129.54,3636.57,149.65,10915.76,0,1367.67,12283.43,7321.92
121395603,Salisbury Township SD,Lehigh,1787.832,2069.645,8454.95,4863.24,112.93,13431.12,0,1321.41,14752.53,9000.91
121395703,Southern Lehigh SD,Lehigh,3129.421,3585.525,6997.11,4921.75,314.82,12233.69,0,2034.06,14267.75,7945.91
121397803,Whitehall-Coplay SD,Lehigh,4199.09,4874.709,6412.77,3088.75,280.05,9781.57,1.16,1058.14,10840.87,6544.03
118401403,Crestwood SD,Luzerne,3177.359,3766.061,6003.13,2809.12,232.57,9044.81,0,447.55,9492.36,5603.08
118401603,Dallas SD,Luzerne,2800.371,3223.991,5897.11,3088.55,227.75,9213.41,5.44,1041.5,10260.35,6260.74
118402603,Greater Nanticoke Area SD,Luzerne,2403.359,2833.623,6176.92,2653.78,375.77,9206.47,521.05,627.94,10355.46,5492.57
118403003,Hanover Area SD,Luzerne,2111.372,2481.798,6539.19,3897.84,265.15,10702.18,0,166.93,10869.11,6742.93
118403302,Hazleton Area SD,Luzerne,10520.102,12450.839,5588.16,2492.63,103.25,8184.05,23.57,1032.43,9240.05,4601.89
118403903,Lake-Lehman SD,Luzerne,2176.385,2570.489,6321.01,3669.51,253.08,10243.61,0,1534.07,11777.68,6184.69
118406003,Northwest Area SD,Luzerne,1437.34,1693.621,7257.03,4026.78,193.66,11477.47,0,401.2,11878.68,6542.38
118406602,Pittston Area SD,Luzerne,3399.279,3996.868,6222.14,3168.16,232.6,9622.9,0,1105.33,10728.24,6156.85
118408852,Wilkes-Barre Area SD,Luzerne,7286.478,8561.599,7506.41,3740.23,71.2,11317.84,0,933.15,12250.99,7899.25
118409203,Wyoming Area SD,Luzerne,2664.026,3144.337,6100.97,2836.98,223.31,9161.26,0,650.87,9812.13,6224.54
118409302,Wyoming Valley West SD,Luzerne,5554.547,6536.561,7108.89,2448.98,169.23,9727.11,33.99,152.99,9914.09,6357.69
117412003,East Lycoming SD,Lycoming,1722.988,2030.221,6121.39,2988.47,338.38,9448.24,0,1027.22,10475.46,5836.55
117414003,Jersey Shore Area SD,Lycoming,2927.329,3467.859,6754.71,3196.35,34.82,9985.88,0,1201.59,11187.47,6180.98
117414203,Loyalsock Township SD,Lycoming,1425.106,1689.436,6358.01,3614.24,319.68,10291.93,0,2176.24,12468.17,6833.42
117415004,Montgomery Area SD,Lycoming,924.306,1091.05,7579.14,3928.17,403.82,11911.13,0,1595.6,13506.73,7061.31
117415103,Montoursville Area SD,Lycoming,2031.26,2409.582,6181.59,3559.4,180.4,9921.39,0,1331.7,11253.09,6533.51
117415303,Muncy SD,Lycoming,1043.701,1225.457,7322.08,3630.84,312.81,11265.73,92.45,1226.69,12584.88,7549.82
117416103,South Williamsport Area SD,Lycoming,1409.069,1668.235,5932.15,3341.09,302.81,9576.05,0,1240.32,10816.37,6135.23
117417202,Williamsport Area SD,Lycoming,5708.873,6718.878,7076.8,3332.91,37.92,10447.62,0,1254.13,11701.76,6187.63
109420803,Bradford Area SD,McKean,2931.555,3482.315,6402,3783.36,274.38,10459.74,0,1079.16,11538.91,5496.1
109422303,Kane Area SD,McKean,1287.423,1515.766,6274.15,3358.69,227.42,9860.27,528.27,850.54,11239.08,6454.33
109426003,Otto-Eldred SD,McKean,762.064,881.856,6711.54,3903.85,273.53,10888.92,0,1475.39,12364.31,6707.27
109426303,Port Allegany SD,McKean,1074.13,1275.801,6545.78,2885.61,237.61,9669,0,2031.22,11700.22,6322.59
109427503,Smethport Area SD,McKean,961.338,1129.332,7148.33,4069.26,287.37,11504.96,0,1556.72,13061.68,7379.62
104431304,Commodore Perry SD,Mercer,652.81,784.989,6502.72,3349.65,83.65,9936.01,0,871.65,10807.66,6229.17
104432503,Farrell Area SD,Mercer,991.98,1125.965,9635.06,4192.31,766.27,14593.64,0,1015.9,15609.55,7067.92
104432803,Greenville Area SD,Mercer,1596.71,1888.676,5921.2,3084.26,333.8,9339.26,1.28,927.18,10267.72,5355.07
104432903,Grove City Area SD,Mercer,2404.976,2784.727,7558.13,3132.62,256.14,10946.9,269.37,1150.95,12367.22,5214.55
104433303,Hermitage SD,Mercer,2206.24,2615.481,6122.71,3231.7,297.13,9651.54,1.73,2026.63,11679.9,6285.46
104433604,Jamestown Area SD,Mercer,645.108,762.654,6101.56,3952.4,184.53,10238.49,0,1108.81,11347.29,6207.65
104433903,Lakeview SD,Mercer,1318.664,1546.698,5701.88,2969.87,219.95,8891.7,169.9,1605.79,10667.4,5228.72
104435003,Mercer Area SD,Mercer,1443.746,1660.053,6033.01,3297.08,272.15,9602.24,0,987.66,10589.9,5787.97
104435303,Reynolds SD,Mercer,1380.432,1638.15,7453.74,3854.97,229.92,11538.64,0,1650.04,13188.68,6331.32
104435603,Sharon City SD,Mercer,2312.575,2719.128,6397.35,2765.69,276.71,9439.75,0,1305.12,10744.86,5436.97
104435703,Sharpsville Area SD,Mercer,1341.413,1531.198,5678.18,3194.32,152.84,9025.35,0,1152.24,10177.59,6163.75
104437503,West Middlesex Area SD,Mercer,1140.484,1310.006,6104.11,3085.11,276.53,9465.74,0,2316.08,11781.83,5617.25
111444602,Mifflin County SD,Mifflin,5773.321,6786.539,6184.45,2965.66,146.94,9297.04,0,782.43,10079.48,6058.11
120452003,East Stroudsburg Area SD,Monroe,8418.066,9811.873,8584.09,4294.17,248.3,13126.56,0.04,1680.07,14806.68,8286.33
120455203,Pleasant Valley SD,Monroe,6958.343,8096.902,6669.52,3346.09,152.07,10167.67,6.43,1248.37,11422.47,6554.07
120455403,Pocono Mountain SD,Monroe,12040.129,14016.867,7765.18,4910.37,195.65,12871.2,13.45,1411.53,14296.18,8513.11
120456003,Stroudsburg Area SD,Monroe,6045.578,7170.032,7770.21,3607.98,132.59,11510.78,0,1216.81,12727.58,7546.57
123460302,Abington SD,Montgomery,7492.413,8871.025,8359.7,5294.18,201.01,13854.89,230.83,1074.95,15160.67,9585.35
123460504,Bryn Athyn SD,Montgomery,8.223,9.663,26701.93,5403.38,0,32105.31,0,0,32105.31,24596.81
123461302,Cheltenham Township SD,Montgomery,4414.204,5230.616,10865.64,6340.28,471.82,17677.75,0,1804.16,19481.9,11377.47
123461602,Colonial SD,Montgomery,4754.217,5600.511,10346.57,5322.14,267.31,15936.02,14.22,1071.92,17022.16,10651.04
123463603,Hatboro-Horsham SD,Montgomery,5402.562,6232.458,8375.39,4424.72,257.35,13057.47,0.88,1435.04,14493.38,9082.12
123463803,Jenkintown SD,Montgomery,569.524,663.117,12480.94,7130.69,146.33,19757.96,304.95,1948.84,22011.75,14337.97
123464502,Lower Merion SD,Montgomery,6896.583,7974.901,12228.48,7449.11,575.24,20252.82,0,4917.46,25170.29,14619.84
123464603,Lower Moreland Township SD,Montgomery,2080.564,2459.551,8866.78,4568.07,341.54,13776.38,0,1775.42,15551.8,9314.15
123465303,Methacton SD,Montgomery,5466.805,6310.621,8398.13,4519.07,149.58,13066.78,0,1577.11,14643.9,8974.06
123465602,Norristown Area SD,Montgomery,7113.62,8302.365,9629,4859.63,134.79,14623.42,0,828.49,15451.91,9564.31
123465702,North Penn SD,Montgomery,13127.687,15070.056,8534.58,4318.53,175.72,13028.83,31.27,1131.07,14191.17,8965.47
123466103,Perkiomen Valley SD,Montgomery,5720.033,6445.869,7358.97,4392,219.67,11970.64,0,1668.97,13639.61,8193.12
123466303,Pottsgrove SD,Montgomery,3345.2,3837.211,8025.54,4518.65,219.29,12763.48,0,2091.67,14855.15,8992.94
123466403,Pottstown SD,Montgomery,3335.004,3790.157,8595.05,4532.78,75.32,13203.14,0,1137.82,14340.96,8049.77
123467103,Souderton Area SD,Montgomery,7049.242,8003.171,7542.75,3976.05,239.21,11758,0,2649.62,14407.62,7907.1
123467203,Springfield Township SD,Montgomery,2105.345,2472.84,10366.47,6279.53,367.14,17013.14,0,2077.68,19090.81,11338.74
123467303,Spring-Ford Area SD,Montgomery,7611.467,8568.665,7641.14,4384.65,192.66,12218.46,6.55,2101.99,14327,8829.06
123468303,Upper Dublin SD,Montgomery,4396.553,5208.485,8653.65,4254.62,309.41,13217.68,0,1267.71,14485.39,8828.22
123468402,Upper Merion Area SD,Montgomery,3639.249,4147.005,10167.24,6167.2,392.36,16726.79,0,2383.03,19109.83,12291.99
123468503,Upper Moreland Township SD,Montgomery,3116.686,3605.336,8020.35,4512.96,189,12722.31,0,1152.65,13874.97,8846.79
123468603,Upper Perkiomen SD,Montgomery,3432.802,3949.928,7542.08,3625.73,39.6,11207.41,0,1007.38,12214.79,10400.1
123469303,Wissahickon SD,Montgomery,4633.939,5462.147,10171.93,5095.58,305.64,15573.15,0,2602.19,18175.34,10631.72
116471803,Danville Area SD,Montour,2569.74,3054.654,7848.15,3286.37,203.77,11338.29,0,785.22,12123.51,6513.82
120480803,Bangor Area SD,Northampton,3684.449,4260.054,6396.67,3775.06,198.52,10370.25,9.13,1310.27,11689.65,6527.47
120481002,Bethlehem Area SD,Northampton,16042.307,18485.548,7035.82,3271.38,41.76,10348.96,0.06,1159.26,11508.28,6837.02
120483302,Easton Area SD,Northampton,9146.501,10489.44,7094.32,3455.57,200.83,10750.72,0.92,2510.49,13262.13,7293.94
120484803,Nazareth Area SD,Northampton,4860.657,5662.574,6562.89,2980.46,80.93,9624.27,4.25,1863.24,11491.76,6538.86
120484903,Northampton Area SD,Northampton,6033.95,7139.971,7127.31,3630.61,173.7,10931.62,0.21,1568.84,12500.67,10707.8
120485603,Pen Argyl Area SD,Northampton,1911.988,2240.09,6413.18,3839.85,240.36,10493.4,0,1288.46,11781.86,6910.59
120486003,Saucon Valley SD,Northampton,2487.341,2861.919,8108.58,4354.64,383.85,12847.07,0,1762.95,14610.02,9332.66
120488603,Wilson Area SD,Northampton,2321.756,2687.349,7044.14,3626.76,254.37,10925.27,13.26,2044.8,12983.33,7381.32
116493503,Line Mountain SD,Northumberland,1251.411,1466.058,7230.27,4111.53,55.74,11397.54,0,1856.22,13253.77,7233.22
116495003,Milton Area SD,Northumberland,2345.277,2765.78,6399.27,3223.95,222.57,9845.79,0,766.66,10612.45,6111.61
116495103,Mount Carmel Area SD,Northumberland,1708.711,1987.219,5400.14,2425.69,203.41,8029.24,2.34,1095.27,9126.85,4521.97
116496503,Shamokin Area SD,Northumberland,2555.163,2942.749,7192.08,3025.55,149.02,10366.65,0,107.72,10474.36,5028.16
116496603,Shikellamy SD,Northumberland,3098.351,3645.77,7069.51,2996.7,45.43,10111.64,0,1017.74,11129.38,6564.73
116498003,Warrior Run SD,Northumberland,1724.344,1979.652,6330.48,3184.31,190.13,9704.92,0,531.65,10236.57,6325.23
115503004,Greenwood SD,Perry,875.296,997.884,5850,3603.03,250.85,9703.89,12.32,1890.44,11606.66,15487.76
115504003,Newport SD,Perry,1193.848,1409.827,7648.39,3444.14,259.18,11351.7,3.35,1251.65,12606.7,6993.52
115506003,Susquenita SD,Perry,2131.244,2538.587,6721.65,3705.21,214.74,10641.6,0,2582.84,13224.45,6082.05
115508003,West Perry SD,Perry,2784.761,3167.13,6446.85,3724.54,140.11,10311.5,0,1186.56,11498.05,6109.93
126515001,Philadelphia City SD,Philadelphia,207833.175,243672.289,6960.63,3371.31,453.97,10785.91,0,1177.28,11963.19,5973.05
120522003,Delaware Valley SD,Pike,5840.123,6853.933,6614.48,3096.41,275.12,9986.01,0,1437.55,11423.56,6494.97
109530304,Austin Area SD,Potter,213.415,253.296,9298.4,5274.4,249.09,14821.88,0,1061.49,15883.37,8372.16
109531304,Coudersport Area SD,Potter,905.936,1067.596,6420.72,4252.96,274.76,10948.44,0,2593.88,13542.32,7039.41
109532804,Galeton Area SD,Potter,387.485,452.643,8761.36,5040,348.99,14150.35,0,12630.39,26780.74,9153.6
109535504,Northern Potter SD,Potter,626.228,721.121,8629.39,4339.33,306.2,13274.91,140.97,8488.49,21904.38,8091.25
109537504,Oswayo Valley SD,Potter,544.61,631.46,6602.99,4500.35,397.64,11500.98,0,10828,22328.98,7070.25
129540803,Blue Mountain SD,Schuylkill,3036.271,3579.341,5668,3513.53,139.03,9320.55,6.13,1361.24,10687.93,6242.35
129544503,Mahanoy Area SD,Schuylkill,1119.387,1313.389,7692.2,3764.61,76.47,11533.28,0,1571.68,13104.97,7109.39
129544703,Minersville Area SD,Schuylkill,1256.474,1443.773,5788.83,2877.93,177.78,8844.54,5,3071.93,11921.47,5751.82
129545003,North Schuylkill SD,Schuylkill,2113.184,2506.606,6094.26,2935.85,29.91,9060.01,6.43,1395.53,10461.97,5482.07
129546003,Pine Grove Area SD,Schuylkill,1746.024,2056.254,6595.61,3226.79,66.17,9888.57,0,1300.28,11188.85,6361.87
129546103,Pottsville Area SD,Schuylkill,2891.549,3391.714,6228.75,3030,260.25,9519,0,131.97,9650.97,5633.32
129546803,Saint Clair Area SD,Schuylkill,872.406,1034.343,7284.8,2082.1,145.92,9512.81,0,599.47,10112.28,6136.92
129547303,Schuylkill Haven Area SD,Schuylkill,1434.733,1674.615,6242.57,3004.19,305.12,9551.87,78.21,1372.13,11002.21,6187.93
129547203,Shenandoah Valley SD,Schuylkill,1187.347,1398.28,5691.51,2752.11,219.09,8662.71,0,795.91,9458.62,4995.47
129547603,Tamaqua Area SD,Schuylkill,2150.85,2486.37,6703.85,3357.46,202.16,10263.48,194.03,823.49,11280.99,6507.38
129547803,Tri-Valley SD,Schuylkill,924.348,1097.325,7095.14,4273.66,78.31,11447.11,7.64,4475.33,15930.07,7604.37
129548803,Williams Valley SD,Schuylkill,1130.544,1336.598,7767.84,3354.42,237.87,11360.12,0,724.5,12084.62,7467.12
116555003,Midd-West SD,Snyder,2387.583,2732.675,6415.4,3408.3,42.4,9866.1,0,709.93,10576.02,6134.57
116557103,Selinsgrove Area SD,Snyder,2795.88,3317.933,6701,3135.41,54.73,9891.14,0,1284.85,11175.99,6343.41
108561003,Berlin Brothersvalley SD,Somerset,945.441,1108.229,6258.16,3241.57,267.84,9767.57,0,1461.05,11228.62,5874.05
108561803,Conemaugh Township Area SD,Somerset,1066.745,1265.871,6141.65,3790.74,63.71,9996.11,0,1598.65,11594.76,6168.93
108565203,Meyersdale Area SD,Somerset,940.259,1107.069,7178.53,4337.93,289.33,11805.8,50.4,1421.09,13277.29,6696.18
108565503,North Star SD,Somerset,1281.77,1524.156,6768.88,3944.46,269.57,10982.91,0,1539.24,12522.15,6464.65
108566303,Rockwood Area SD,Somerset,861.468,1019.459,6660.31,3275.69,114.62,10050.62,0,1863.85,11914.48,6164.7
108567004,Salisbury-Elk Lick SD,Somerset,344.935,415.165,6019.52,3886.5,140.38,10046.4,5.58,427.53,10479.51,5680.5
108567204,Shade-Central City SD,Somerset,620.871,732.395,6442.8,3848.05,249.72,10540.56,56.2,1678.56,12275.33,6762.45
108567404,Shanksville-Stonycreek SD,Somerset,428.956,502.831,7557.55,4205.8,230.95,11994.3,0,2075.87,14070.17,7533.56
108567703,Somerset Area SD,Somerset,2532.891,2977.84,6844.07,3391.48,405.38,10640.93,0,1923.1,12564.04,6572.69
108568404,Turkeyfoot Valley Area SD,Somerset,366.139,424.183,6811.27,5569.02,261.84,12642.12,0,304.98,12947.09,6839.02
108569103,Windber Area SD,Somerset,1403.315,1654.979,6323.33,2742.77,306.5,9372.59,0,1321.96,10694.55,5887.63
117576303,Sullivan County SD,Sullivan,712.064,854.402,10086.49,5683.63,324.86,16094.98,0,416.89,16511.86,9977.47
119581003,Blue Ridge SD,Susquehanna,1207.378,1391.487,7463.86,4193.61,327.68,11985.15,0,1814.73,13799.88,7088.62
119582503,Elk Lake SD,Susquehanna,1399.769,1661.43,7019.99,3739.31,313.16,11072.46,0,724.02,11796.48,6279.95
119583003,Forest City Regional SD,Susquehanna,887.616,1041.923,7572.47,4080.92,170.89,11824.28,0,875.23,12699.52,7125.02
119584503,Montrose Area SD,Susquehanna,1852.442,2191.414,7246.87,4077,214.17,11538.04,43.82,902.67,12484.53,6647.92
119584603,Mountain View SD,Susquehanna,1327.231,1571.304,7076.18,3771.57,169.05,11016.79,0,1003.43,12020.23,6366.33
119586503,Susquehanna Community SD,Susquehanna,977.548,1106.843,7482.1,3873.45,290.57,11646.12,0,1059.96,12706.08,6588.89
117596003,Northern Tioga SD,Tioga,2340.175,2780.055,6586.25,3535.27,235.83,10357.35,11.17,1378.28,11746.8,5830.33
117597003,Southern Tioga SD,Tioga,2181.433,2584.323,7255.05,3672.06,273.23,11200.34,0,1058.44,12258.78,6703.44
117598503,Wellsboro Area SD,Tioga,1578.097,1862.966,7270.67,4028.65,225.9,11525.22,202.01,1634.93,13362.15,6983.51
116604003,Lewisburg Area SD,Union,1940.516,2232.291,7032.16,3508.38,67.26,10607.8,691.03,1320.89,12619.72,8038.43
116605003,Mifflinburg Area SD,Union,2366.972,2789.596,6316.14,2835.24,163.44,9314.82,0,334.39,9649.21,5782.96
106611303,Cranberry Area SD,Venango,1348.163,1594.024,6959.8,3917.06,232.66,11109.52,182.56,512.99,11805.07,6900.47
106612203,Franklin Area SD,Venango,2271.614,2691.291,8368.01,3737.14,210.05,12315.2,0.44,1048.4,13364.04,6645.7
106616203,Oil City Area SD,Venango,2373.871,2799.61,6547.99,3944.37,85.53,10577.89,0,762.61,11340.5,6221.36
106617203,Titusville Area SD,Venango,2286.966,2594.202,6464.1,3780.17,613.55,10857.82,0,1204.2,12062.01,6872.15
106618603,Valley Grove SD,Venango,1006.825,1180.622,6259.74,3667.4,31.71,9958.85,320.56,2537.39,12816.8,6193.03
105628302,Warren County SD,Warren,5612.543,6636.423,6969.99,3603.09,45.55,10618.64,0,1008.09,11626.73,6350.56
101630504,Avella Area SD,Washington,710.93,841.01,7585.36,4041.61,250.95,11877.91,0,1944.28,13822.19,7811.36
101630903,Bentworth SD,Washington,1229.959,1408.316,7097.46,3491.28,298.18,10886.92,152.62,1825.84,12865.38,6538.75
101631003,Bethlehem-Center SD,Washington,1377.34,1610.263,6791.87,4585.33,238.62,11615.82,251.81,1612.82,13480.45,6448.8
101631203,Burgettstown Area SD,Washington,1581.68,1870.631,6168.92,2746.69,170.48,9086.08,15.9,8669.3,17771.29,5079.61
101631503,California Area SD,Washington,941.508,1103.316,7969.04,4038.07,313.76,12320.87,49.47,1305.39,13675.73,7233.12
101631703,Canon-McMillan SD,Washington,4769.062,5430.622,6220.32,3278.03,203.03,9701.38,40.66,1416.75,11158.79,6409.79
101631803,Charleroi SD,Washington,1683.61,1977.443,6842.96,3232.41,155.16,10230.53,0,1449.02,11679.55,6094.2
101631903,Chartiers-Houston SD,Washington,1175.163,1362.293,6029.38,3910.49,393.95,10333.83,5.49,1104.22,11443.54,6754.1
101632403,Fort Cherry SD,Washington,1217.287,1395.365,6686.33,3945.71,267.36,10899.4,0,1980.98,12880.39,6763.73
101633903,McGuffey SD,Washington,2125.855,2485.027,7251.06,3505.77,300.84,11057.67,0,1181.73,12239.4,6625.34
101636503,Peters Township SD,Washington,4398.71,5025.034,5365.01,3050.8,244.49,8660.3,0,1298.54,9958.85,6227.64
101637002,Ringgold SD,Washington,3413.955,3973.518,6115.1,3145.1,46.16,9306.36,0,1717.25,11023.61,5688.35
101638003,Trinity Area SD,Washington,3626.614,4180.214,5988.06,3303.15,227.7,9518.91,1.88,2922.95,12443.74,5975.91
101638803,Washington SD,Washington,1814.177,2142.991,8116.01,3442.46,323.25,11881.72,0,1683.65,13565.37,6832.61
119648303,Wallenpaupack Area SD,Wayne,4052.664,4822.393,7992.85,3907.35,395.99,12296.2,0,1482.94,13779.13,7382.33
119648703,Wayne Highlands SD,Wayne,3227.638,3821.398,7122.42,3884.94,247.66,11255.02,0,1168.84,12423.86,6751.65
119648903,Western Wayne SD,Wayne,2530.86,2885.81,7799.85,4314.63,314.09,12428.56,0,1234.84,13663.4,7021.04
107650603,Belle Vernon Area SD,Westmoreland,2916.75,3390.713,6403.54,3110.82,266.04,9780.39,95.87,654.33,10530.59,6171.47
107650703,Burrell SD,Westmoreland,2059.793,2386.491,5942.83,3494.45,200.53,9637.81,0,1265.92,10903.73,6274
107651603,Derry Area SD,Westmoreland,2541.542,3018.339,6350.72,3150.33,240.94,9741.99,0,1487.86,11229.85,6379.86
107652603,Franklin Regional SD,Westmoreland,3836.979,4520.354,6044.09,3354.36,61.79,9460.24,0,2220.21,11680.45,6609.13
107653102,Greater Latrobe SD,Westmoreland,4305.586,5106.421,5681.81,2933.57,50.53,8665.9,47.49,1767.11,10480.51,5772.58
107653203,Greensburg Salem SD,Westmoreland,3184.885,3682.611,6610.99,3347.28,58.07,10016.34,0,1207.14,11223.49,6254.91
107653802,Hempfield Area SD,Westmoreland,6577.964,7668.68,6655.9,3213.29,184.88,10054.08,0,1380.31,11434.39,6615.53
107654103,Jeannette City SD,Westmoreland,1332.73,1534.697,6732.28,3300.05,177.51,10209.83,22.94,5605.82,15838.59,6580.12
107654403,Kiski Area SD,Westmoreland,4310.359,5005.199,5919.48,2941.48,268.28,9129.24,0,858.36,9987.6,5915.37
107654903,Ligonier Valley SD,Westmoreland,2047.766,2421.844,6282.9,4103.41,226.96,10613.27,9.15,1319.87,11942.29,6538.39
107655803,Monessen City SD,Westmoreland,1002.829,1187.036,7717.66,3893.56,104.2,11715.42,3.2,1520.61,13239.23,6748.25
107655903,Mount Pleasant Area SD,Westmoreland,2414.45,2781.068,6612.72,3390.72,268.98,10272.41,0,1225.92,11498.33,6439.94
107656303,New Kensington-Arnold SD,Westmoreland,2345.932,2731.847,7226.51,3339.29,268.11,10833.91,0,1201.07,12034.98,6453.93
107656502,Norwin SD,Westmoreland,5380.737,6182.634,5338.38,2872.57,283.09,8494.03,0,1513.41,10007.44,5645.34
107657103,Penn-Trafford SD,Westmoreland,4528.242,5232.777,5515.62,3190.25,287.73,8993.6,0,6218.3,15211.9,6097.03
107657503,Southmoreland SD,Westmoreland,2227.25,2633.433,6143.89,3031.43,293.16,9468.48,2.04,1240.29,10710.81,5916.07
107658903,Yough SD,Westmoreland,2433.31,2814.236,5930.16,3005.9,229.62,9165.68,0,8847.78,18013.46,5434.26
119665003,Lackawanna Trail SD,Wyoming,1275.886,1512.119,8281.14,3987,320.58,12588.71,10.04,1090.76,13689.52,7680.45
118667503,Tunkhannock Area SD,Wyoming,3007.433,3565.244,7351.85,3870.19,250.86,11472.91,0,1236.93,12709.84,6953.57
112671303,Central York SD,York,5731.458,6664.563,6185.91,3060.63,134.19,9380.73,0,2139.54,11520.27,6456.32
112671603,Dallastown Area SD,York,6192.083,7107.224,7592.91,3113.41,202.5,10908.82,96.32,1639.49,12644.63,7869.79
112671803,Dover Area SD,York,3894.154,4556.854,6576.74,3274.89,195.84,10047.46,18.18,1246.06,11311.7,6806.6
112672203,Eastern York SD,York,2773.814,3258.514,7338.77,3037.33,262.25,10638.34,0,1788.63,12426.98,6896.47
112672803,Hanover Public SD,York,1701.147,1932.209,8391.95,3701.48,227.93,12321.36,0,1916.67,14238.03,8791.4
112674403,Northeastern York SD,York,3868.601,4510.327,6533.75,3267.26,119.02,9920.03,0,1665.79,11585.82,6649.62
115674603,Northern York County SD,York,3252.722,3727.417,5919.52,3153.06,312.3,9384.88,0,1112.02,10496.9,6289.09
112675503,Red Lion Area SD,York,6195.895,7110.777,6795.32,2803.53,60.02,9658.87,0,1288.35,10947.21,6619.57
112676203,South Eastern SD,York,3406.405,3901.327,6615.42,3343.3,65.3,10024.03,0,1696.36,11720.39,6787.44
112676403,South Western SD,York,4255.166,4938.301,5981.76,3313.02,156.21,9451,0.52,1258.54,10710.05,6413.77
112676503,Southern York County SD,York,3357.578,3875.935,6650.81,3707.65,149.68,10508.14,0,2210.83,12718.98,7080.89
112676703,Spring Grove Area SD,York,4076.887,4706.09,6050.22,3446.05,181.27,9677.53,0,2303.26,11980.79,6375.03
115219002,West Shore SD,York,8162.338,9417.411,6388.25,2925.2,135.34,9448.78,9.18,1035.02,10492.99,6313.06
112678503,West York Area SD,York,3466.316,3988.832,6422.61,2872.72,139.99,9435.32,0,2267.54,11702.86,6497.78
112679002,York City SD,York,7555.474,8759.58,7888.83,3214.59,44.89,11148.3,0,1553.33,12701.64,6440.04
112679403,York Suburban SD,York,2950.307,3356.605,8724.73,3506.78,166.39,12397.9,0,1574.97,13972.87,9099.95
