AUN,School District,County,adm,wadm,instruction,support,other,current,facilities,financing,total,"AIE per WADM"
115504003,Newport SD,Perry,1150.311,1340.304,8647.08,3507.7,291.56,12446.34,1.29,15971.19,28418.82,7733.53
123464502,Lower Merion SD,Montgomery,7707.812,8819.007,14570.33,7844.24,548.02,22962.59,0,3845.57,26808.16,16564.2
123460504,Bryn Athyn SD,Montgomery,11.719,14.754,22896.58,3778.31,0,26674.89,0,0,26674.89,19913.38
115503004,Greenwood SD,Perry,815.696,956.75,7459.42,4200.82,388.73,12048.97,108.9,14245.7,26403.57,7796.19
109532804,Galeton Area SD,Potter,391.844,446.486,10382.24,5158.93,446.95,15988.12,0,10051.44,26039.57,11069.48
112672803,Hanover Public SD,York,1860.056,2151.675,9542.46,3802.23,313.33,13658.02,0,10552.12,24210.13,9403.28
109535504,Northern Potter SD,Potter,545.89,636.48,9778.06,5681.61,251.74,15711.42,178.71,8311.56,24201.68,9732.66
123468402,Upper Merion Area SD,Montgomery,4047.487,4552.456,10276.27,5793.87,392.83,16462.98,0.49,7561.91,24025.38,11698.45
103029203,Upper Saint Clair SD,Allegheny,4214.262,4822.944,7846.27,5024.29,310.75,13181.31,0,10685.42,23866.73,8861.59
109537504,Oswayo Valley SD,Potter,485.729,561.854,8304.37,5388.91,519.61,14212.88,14.82,9410.87,23638.57,8900.23
109422303,Kane Area SD,McKean,1242.522,1453.06,7294.88,3864.88,314.06,11473.82,22.66,11759.82,23256.3,7349.85
114064003,Kutztown Area SD,Berks,1496.961,1771.677,10375.75,5604.05,383.42,16363.22,0,6842.07,23205.29,11097.62
114062003,Exeter Township SD,Berks,4300.713,5049.62,8312.48,3739.35,288.3,12340.14,14.22,10768.79,23123.15,8524.73
109530304,Austin Area SD,Potter,178.698,208.102,14227.15,7260.15,421.11,21908.42,0,1112.35,23020.77,13609.42
125237603,Radnor Township SD,Delaware,3685.42,4226.614,12063.33,6482.29,292.09,18837.71,0,3274.71,22112.43,12763.18
114068003,Tulpehocken Area SD,Berks,1518.758,1784.605,9896.32,5380.49,306.69,15583.51,0,6508.69,22092.2,10283.09
115211003,Camp Hill SD,Cumberland,1277.59,1452.764,7443.4,3768.65,623.64,11835.69,0,9838.04,21673.73,8642.7
105256553,Iroquois SD,Erie,1216.432,1422.237,7686.94,3661,334.85,11682.79,0,9913.07,21595.86,7425.01
129547203,Shenandoah Valley SD,Schuylkill,1171.197,1355.27,7762.8,3074.24,267.5,11104.54,-28.95,10255.69,21331.28,7138.58
103027753,Quaker Valley SD,Allegheny,1948.493,2228.023,10082.72,6375.23,719.93,17177.88,76.93,3917.11,21171.91,12137.82
125237903,Rose Tree Media SD,Delaware,3833.368,4405.142,11188.61,6123.3,368.88,17680.79,0,3379.21,21059.99,11762.13
122097604,New Hope-Solebury SD,Bucks,1590.715,1870.925,11159.37,6876.25,464.9,18500.52,8.82,2546.42,21055.76,13349.81
117089003,Wyalusing Area SD,Bradford,1422.382,1665.449,8883.67,4114.26,244.75,13242.68,3.58,7763.94,21010.21,8422.94
116493503,Line Mountain SD,Northumberland,1259.217,1467.936,6882.07,4643.16,276.64,11801.86,0,9147.08,20948.94,7036.75
103029603,West Mifflin Area SD,Allegheny,2829.23,3351.302,8921.52,4370.86,354.68,13647.06,5.55,7108.03,20760.64,8164.92
122098103,Pennridge SD,Bucks,7593.724,8706.133,8802.3,3976.93,177.65,12956.87,183.19,7593.34,20733.41,9286.72
123461302,Cheltenham Township SD,Montgomery,4583.192,5389.074,11637.79,6031.36,491.76,18160.9,110,2454.06,20724.97,12438.95
123463803,Jenkintown SD,Montgomery,625.586,729.285,12560.12,6428.29,421.52,19409.93,0,1213.75,20623.68,14403.78
102027451,Pittsburgh SD,Allegheny,28217.995,32832.409,11732.8,6188.68,189.27,18110.75,100.97,2383.1,20594.82,10817.86
123467203,Springfield Township SD,Montgomery,2233.511,2578.617,10430.1,7011.6,362.91,17804.61,0,2495.36,20299.97,12014.19
125235502,Marple Newtown SD,Delaware,3385.461,3935.849,10324.08,6531.97,328.44,17184.49,0,3030.7,20215.18,11468.49
127047404,South Side Area SD,Beaver,1210.547,1422.954,9914.91,5893.76,550.63,16359.3,0,3709.42,20068.73,10756.78
106272003,Forest Area SD,Forest,566.015,659.183,10172.21,7509.34,433.14,18114.69,0,1650.56,19765.25,10863.24
119583003,Forest City Regional SD,Susquehanna,783.537,918.736,9420.85,4722.8,277.44,14421.09,0,5054.33,19475.42,9146.82
123461602,Colonial SD,Montgomery,4739.443,5544.747,12387.96,5700.88,273.8,18362.64,0,1035.43,19398.08,12737.25
113380303,Annville-Cleona SD,Lebanon,1524.587,1763.089,6771.77,4159.25,377.71,11308.73,0,8058.44,19367.17,7683.54
124157203,Phoenixville Area SD,Chester,3966.245,4460.35,10839.44,5035.78,388.04,16263.26,0,3052.15,19315.41,11666.21
104432503,Farrell Area SD,Mercer,816.199,949.82,11345.72,5640.67,936.13,17922.53,0,1386.7,19309.23,9847.87
122098003,Palisades SD,Bucks,1818.265,2119.594,10750.54,6286.09,540.54,17577.17,112.3,1363.62,19053.1,12021.9
103029803,Wilkinsburg Borough SD,Allegheny,1394.154,1592.459,12832.31,5430.85,247.52,18510.68,0,538.71,19049.39,12009.12
114061103,Conrad Weiser Area SD,Berks,2767.072,3262.259,8758.54,3903.17,270.98,12932.69,0,6065.53,18998.22,7913.04
103026303,Montour SD,Allegheny,2973.662,3528.551,10311.67,5483.14,430.22,16225.02,98.82,2628.28,18952.11,11036.01
112679403,York Suburban SD,York,2981.474,3435.054,9545.2,4197.72,309.98,14052.91,0,4863.83,18916.73,10036.74
123464603,Lower Moreland Township SD,Montgomery,2178.052,2573.337,10180.81,5082.27,377.96,15641.04,0,3274.61,18915.64,10408.07
123468303,Upper Dublin SD,Montgomery,4278.732,5053.697,10685.68,5006.78,403.02,16095.48,0,2763.47,18858.95,10590.58
103022503,Duquesne City SD,Allegheny,766.414,895.801,12709.59,4185.76,25.61,16920.96,0,1899.99,18820.95,10745.41
101308503,West Greene SD,Greene,806.543,945.665,10807.73,5532.28,383.82,16723.84,0,2009.25,18733.08,10777.99
121139004,Weatherly Area SD,Carbon,676.602,803.206,9758.32,5693.92,319.44,15771.68,0,2954.17,18725.85,10396.63
110173504,Harmony Area SD,Clearfield,332.288,391.154,10847.9,5657.12,391.15,16896.17,37.66,1562.44,18496.28,9396.1
106160303,Allegheny-Clarion Valley SD,Clarion,740.467,880.254,11083.05,5856.09,381.64,17320.78,20.09,1088.18,18429.05,8542.79
123469303,Wissahickon SD,Montgomery,4470.007,5254.666,11590.05,5456.54,354.12,17400.72,0,989.71,18390.43,11946.77
122097203,Morrisville Borough SD,Bucks,1005.604,1144.257,13017.86,3855.35,353.47,17226.67,0,1150.65,18377.32,11441.03
124153503,Great Valley SD,Chester,4132.665,4738.174,10543.56,5121.82,287.69,15953.07,0,2376.83,18329.9,11286.57
103023912,Fox Chapel Area SD,Allegheny,4367.399,5142.462,11059.76,5483.16,476.81,17019.72,161.41,1126.95,18308.08,11878.87
117576303,Sullivan County SD,Sullivan,673.565,788.189,10994.31,6173.95,408.35,17576.61,0,700.56,18277.17,11759.36
125239603,Wallingford-Swarthmore SD,Delaware,3549.741,4082.024,10821.13,4972.77,347.28,16141.18,54.79,2064.6,18260.58,11488.67
122097502,Neshaminy SD,Bucks,9346.643,10741.826,10510.73,4377.17,177.69,15065.59,42.84,3131.55,18239.98,10538.18
116191503,Central Columbia SD,Columbia,2051.351,2425.209,6833.83,3730.61,253.27,10817.71,0,7379.09,18196.79,7102.27
125231303,Chichester SD,Delaware,3485.259,4052.326,10089.29,5212.25,377.06,15678.6,0,2361.02,18039.62,10429.47
125237702,Ridley SD,Delaware,5711.687,6649.6,10072.93,3987.95,171.64,14232.52,0,3713.86,17946.39,10077.73
103028203,Riverview SD,Allegheny,1055.459,1243.907,9751.79,5898.43,687.66,16337.88,231.65,1292.2,17861.73,11196.64
119648303,Wallenpaupack Area SD,Pike,3374.038,4014.848,10676.96,5041.65,521.46,16240.06,0,1610.76,17850.82,10356.59
120456003,Stroudsburg Area SD,Monroe,5371.182,6362.41,10323.18,4731.34,201.81,15256.33,0,2555.89,17812.23,10109.76
123465303,Methacton SD,Montgomery,5161.769,5957.794,10327.76,5435.5,248.55,16011.81,0,1783.47,17795.28,10802.49
122092353,Council Rock SD,Bucks,11513.327,13404.747,11168.61,4382.96,265.52,15817.08,0,1844.05,17661.13,11019.53
124157802,Tredyffrin-Easttown SD,Chester,6627.286,7588.922,9518.87,5307.33,272.29,15098.5,0,2541.29,17639.79,10707.76
121395603,Salisbury Township SD,Lehigh,1719.247,2004.971,9460.27,5917.83,421.44,15799.54,3.11,1830.52,17633.17,10359.82
125234103,Garnet Valley SD,Delaware,4835.425,5537.981,10097.44,4190.32,592.23,14879.99,0,2728.48,17608.47,10662.82
103020603,Allegheny Valley SD,Allegheny,1029.72,1209.857,9080.69,5678.93,516.72,15276.34,0,2215.39,17491.73,10068.39
101306503,Southeastern Greene SD,Greene,615.059,720.769,8807.32,6988.61,384.27,16180.2,0,1285.28,17465.48,9184.62
119648903,Western Wayne SD,Wayne,2258.159,2602.261,10069.13,5133.08,405.05,15607.27,0,1821.83,17429.1,9381.62
120455403,Pocono Mountain SD,Monroe,10613.735,12629.078,9406.95,5019.66,182.14,14608.75,16.11,2797.13,17421.98,9436.15
115226003,Middletown Area SD,Dauphin,2319.032,2717.273,8524.11,4794.8,382.71,13701.63,16.21,3580.42,17298.25,9019.43
103022103,Cornell SD,Allegheny,690.159,805.985,9162.67,5921.1,535.23,15619,160.09,1506.82,17285.91,9691.58
123466303,Pottsgrove SD,Montgomery,3327.628,3885.977,9709.32,5238.96,287.93,15236.21,0,2042.21,17278.41,10391.14
120452003,East Stroudsburg Area SD,Monroe,7619.549,9046.471,9691.13,4677.05,312.47,14680.65,0,2544.35,17225,9265.2
124158503,Unionville-Chadds Ford SD,Chester,4119.93,4780.828,9371.01,5288.75,256.06,14915.82,0,2255.91,17171.73,10480.21
115222752,Harrisburg City SD,Dauphin,7073.114,7915.237,10282.85,4461.07,111.44,14855.36,0,2291.04,17146.4,8914.77
113365303,Pequea Valley SD,Lancaster,1747.277,2078.529,8676.15,5662.57,389.41,14728.12,0,2370,17098.12,9185.71
122092002,Centennial SD,Bucks,5774.05,6647.063,9742.11,4598.27,202.31,14542.68,0,2457.49,17000.17,10227.78
128327303,Purchase Line SD,Indiana,1003.598,1188.464,8753.85,6363.41,302.22,15419.49,102.11,1471.81,16993.41,8827.69
122091352,Bristol Township SD,Bucks,7054.423,8234.521,11106.86,5100.51,177.41,16384.78,0,577.67,16962.45,11037.84
106161703,Clarion-Limestone Area SD,Clarion,917.714,1083.562,7985.92,4468.86,227.09,12681.87,0,4258.08,16939.95,7743.49
110148002,State College Area SD,Centre,7097.589,8327.932,9383.12,4792.47,346.44,14522.02,7.35,2360.2,16889.58,10060.46
123463603,Hatboro-Horsham SD,Montgomery,4907.999,5685.111,9844.45,5189.24,263.46,15297.15,0.45,1587.02,16884.63,10405.3
109243503,Johnsonburg Area SD,Elk,622.581,720.465,9367.8,5404.14,401.47,15173.41,287.41,1346.68,16807.51,9884.39
103024102,Gateway SD,Allegheny,3830.359,4551.938,10774.38,4622.16,312.26,15708.8,0,1048.55,16757.35,10612.31
123460302,Abington SD,Montgomery,7654.822,8935.885,9348.94,5575.26,224.1,15148.3,19.86,1576.73,16744.89,10589.01
109122703,Cameron County SD,Cameron,707.861,835.985,9641.86,4583.92,457.11,14682.88,0,2000.97,16683.85,9431.68
103025002,Keystone Oaks SD,Allegheny,2063.724,2364.754,8640.39,5220.14,413.94,14274.46,0,2397.91,16672.38,9457.51
114067503,Schuylkill Valley SD,Berks,1993.984,2345.897,9668.42,4243.82,508.18,14420.42,0,2199.66,16620.09,9780.14
127046903,Rochester Area SD,Beaver,873.537,1011.776,9716.54,4558.08,321.97,14596.6,0,1977.79,16574.39,9588.13
103027352,Penn Hills SD,Allegheny,4695.005,5549.716,10370.33,4971.41,259.16,15600.9,0,948.55,16549.45,9809.08
112013753,Gettysburg Area SD,Adams,3043.905,3571.64,9271.12,5050.01,307.03,14628.15,0,1893.09,16521.24,9451.17
123465602,Norristown Area SD,Montgomery,7544.649,8671.766,10311.88,5156.24,209.26,15677.38,0,745.41,16422.79,10383.41
128326303,Penns Manor Area SD,Indiana,904.078,1048.969,9625.39,5048.14,465.79,15139.32,0,1272.15,16411.46,9677.38
122091002,Bensalem Township SD,Bucks,7333.059,8560.584,10206.4,4731.13,182.98,15120.51,0,1245.36,16365.87,10333.78
128325203,Marion Center Area SD,Indiana,1360.502,1599.499,8672.57,5083.84,319.6,14076.01,0,2266.75,16342.76,8389.63
123468503,Upper Moreland Township SD,Montgomery,3106.103,3647.731,8982.64,4838.34,218.31,14039.3,-31.18,2309.85,16317.97,9895.29
121395703,Southern Lehigh SD,Lehigh,3190.323,3688.404,8505.87,5433.38,375.55,14314.8,0,1990.73,16305.53,9700.51
124156503,Octorara Area SD,Chester,2726.456,3207.784,9775.95,4130.81,189.48,14096.24,0,2192.6,16288.85,9260.66
120486003,Saucon Valley SD,Northampton,2391.612,2763.739,9221.24,4873.29,417.09,14511.63,0,1772,16283.63,10107.93
128321103,Blairsville-Saltsburg SD,Indiana,1774.176,2102.492,8752.41,4998.84,391.34,14142.6,0,2115.49,16258.09,8454.19
122098403,Quakertown Community SD,Bucks,5598.428,6345.191,9723.55,4857.3,152.32,14733.17,0,1490.66,16223.83,10506.72
125234502,Haverford Township SD,Delaware,5777.625,6532.308,9708.06,4576.65,225.59,14510.31,0,1664.48,16174.79,10342.99
128323703,Indiana Area SD,Indiana,2822.97,3294.762,10458.32,4171.88,349.6,14979.8,0,1131.14,16110.94,10469.27
103026343,Moon Area SD,Allegheny,3848.291,4518.801,8217.46,4262.26,424.96,12904.68,0,3200.3,16104.98,8776.64
120455203,Pleasant Valley SD,Monroe,5631.606,6574.107,9609.65,4540.32,201.85,14351.82,0,1693.5,16045.32,9408.08
114060853,Brandywine Heights Area SD,Berks,1663.385,1970.722,8966.44,4627.43,325.96,13919.83,6.83,2098.14,16024.8,9083.16
124156603,Owen J Roberts SD,Chester,5333.443,6078.375,8289.32,5147.41,276.79,13713.52,0,2309.04,16022.56,9307.49
124152003,Downingtown Area SD,Chester,12682.296,14499.11,8087.37,3758.97,268.56,12114.91,122.86,3780.26,16018.03,8412.42
123466403,Pottstown SD,Montgomery,3278.446,3702.417,9541.38,4688.5,249.08,14478.96,505.6,968.2,15952.76,10226.79
128328003,United SD,Indiana,1156.405,1355.997,9833.63,5036.5,306.87,15177,0,749.12,15926.12,9702.42
124159002,West Chester Area SD,Chester,12475.7,14333.429,9060.48,4415.72,333.42,13809.62,52.12,2052.35,15914.1,9615.35
115506003,Susquenita SD,Perry,1812.773,2127.401,7950.41,4427.08,286.57,12664.06,0,3073.8,15737.86,7689.82
103021603,Carlynton SD,Allegheny,1483.554,1734.242,9968.54,5343.04,363.23,15674.8,39.92,4.47,15719.2,10286.9
127040503,Aliquippa SD,Beaver,1313.846,1460.535,8362.3,4752.66,342.7,13457.67,0,2252.78,15710.45,7925.43
124154003,Kennett Consolidated SD,Chester,4503.75,5247.289,9015.63,4722.92,244.99,13983.54,0,1723.68,15707.22,9645.66
128323303,Homer-Center SD,Indiana,864.305,1011.447,9017.72,4749.45,374.42,14141.59,0,1560,15701.58,9280.42
111292304,Forbes Road SD,Fulton,419.584,491.064,8582.06,5090.59,265.65,13938.3,0,1756.7,15695,9192.2
125231232,Chester-Upland SD,Delaware,7004.827,7994.325,11757.27,2974.82,84.72,14816.81,0,874.06,15690.86,10462.35
122091303,Bristol Borough SD,Bucks,1316.74,1496.524,10086.97,3189.98,204.66,13481.62,210.32,1986.7,15678.63,10259.8
123465702,North Penn SD,Montgomery,12939.054,14781.597,9861.64,4337.42,187.86,14386.92,28.24,1262.32,15677.48,9923.36
125238402,Southeast Delco SD,Delaware,4268.22,4962.556,9696.86,4186.81,190.11,14073.78,0,1590.66,15664.45,8249.94
104435303,Reynolds SD,Mercer,1229.058,1463.461,9033.75,4461.61,383.24,13878.6,0,1761.59,15640.19,8950.77
101638803,Washington SD,Washington,1601.779,1862.125,8164.5,3988.74,391.07,12544.3,0,3089.5,15633.8,7368.6
121391303,Catasauqua Area SD,Lehigh,1596.737,1821.721,9073.41,4258.41,369.3,13701.12,58.29,1867.35,15626.75,9435.99
119665003,Lackawanna Trail SD,Wyoming,1157.707,1353.266,10098.5,4797.13,370.58,15266.21,8.01,351.23,15625.44,9789.32
122098202,Pennsbury SD,Bucks,11099.56,12756.344,10163.06,4232.82,114.33,14510.2,1.37,1100.73,15612.3,10892.37
114066503,Oley Valley SD,Berks,1786.18,2059.53,8817.97,4659.5,365.84,13843.31,0,1725.06,15568.37,9329.73
121135003,Jim Thorpe Area SD,Carbon,2268.319,2665.006,9149.26,4426.64,318.81,13894.7,0,1654.52,15549.22,9016.98
103026902,North Hills SD,Allegheny,4302.469,5079.185,8489.33,4171.89,344.01,13005.24,4.67,2515.42,15525.33,8777.95
120480803,Bangor Area SD,Northampton,3227.03,3800.265,8709.89,4540.22,346.48,13596.58,0,1908.34,15504.92,8672.51
103022253,Deer Lakes SD,Allegheny,1976.757,2324.683,8062.81,5342.01,264.18,13669.01,19.47,1816.23,15504.7,8979.46
110147003,Penns Valley Area SD,Centre,1545.543,1796.519,7895.45,4480.3,309.39,12685.13,0,2800.14,15485.27,7973.45
103026873,Northgate SD,Allegheny,1257.465,1458.505,9812.07,4509.11,374.44,14695.62,40.44,727.35,15463.42,9672.11
110141003,Bald Eagle Area SD,Centre,1824.831,2148.694,8069.92,4749.46,325.35,13144.73,0,2318.27,15463,8488.81
101301403,Central Greene SD,Greene,1980.108,2304.849,8266.19,4522.8,327.1,13116.09,0,2342.92,15459,8164.26
119648703,Wayne Highlands SD,Wayne,2902.16,3429.302,9111.59,4599.9,321.13,14032.62,0,1421.5,15454.12,8709.05
114069353,Wyomissing Area SD,Berks,1932.957,2277.585,8028.43,4702.53,389.27,13120.24,0,2318.58,15438.81,8941.04
107655803,Monessen City SD,Westmoreland,902.773,1047.888,9264.11,5198.57,390,14852.68,70.98,492.71,15416.37,9340.47
124151902,Coatesville Area SD,Chester,8926.276,10329.392,9264.48,4132.2,150.19,13546.87,0,1865.38,15412.25,9246.11
108567004,Salisbury-Elk Lick SD,Somerset,277.947,326.162,8481.64,6123.59,348.68,14953.91,0,455.32,15409.23,8769.97
101633903,McGuffey SD,Washington,1923.43,2275.278,8258.07,5294.88,416.65,13969.6,0,1417.64,15387.24,8882.93
103021453,Brentwood Borough SD,Allegheny,1255.712,1469.128,9126.87,4304.27,516.92,13948.05,61.48,1367.91,15377.45,8949.36
110177003,Philipsburg-Osceola Area SD,Clearfield,1856.286,2182.711,8196.64,4770.24,274.8,13241.68,0,2082.81,15324.49,8001.33
104432903,Grove City Area SD,Mercer,2210.806,2556.951,9760.97,3730.45,307.98,13799.41,4.01,1519.17,15322.6,5685.87
103026852,North Allegheny SD,Allegheny,8336.262,9548.404,8570.95,4240.61,363.09,13174.65,21.09,2111.06,15306.81,9383.77
125238502,Springfield SD,Delaware,3889.876,4411.228,8754.6,4320.18,351.87,13426.65,0,1854.53,15281.18,9742.95
113364002,Lancaster SD,Lancaster,11428.427,13189.975,9369.65,4033.55,221.36,13624.57,0,1651.03,15275.6,8070.96
112679002,York City SD,York,7636.198,8725.209,9637.66,2857.35,82.46,12577.47,0,2678.98,15256.45,8358.14
121394503,Northern Lehigh SD,Lehigh,1773.711,2086.858,8597.14,4518.06,333.7,13448.9,0,1795.01,15243.91,8252.21
103029403,West Allegheny SD,Allegheny,3298.931,3793.997,7725.4,4975.04,443.18,13143.62,29.98,2062.78,15236.38,8860.38
123467103,Souderton Area SD,Montgomery,6874.571,7882.368,8871.37,4493.99,187.19,13552.55,93.28,1566.51,15212.34,9312.34
117086003,Sayre Area SD,Bradford,1131.066,1293.064,8897.18,4609.79,532.13,14039.11,9.36,1141.14,15189.61,9618.4
115210503,Big Spring SD,Cumberland,2781.19,3292.652,8448.16,4160.3,294.23,12902.68,0,2255.54,15158.22,8288.33
103021752,Chartiers Valley SD,Allegheny,3508.65,4121.032,8662.55,4536.66,412.56,13611.77,2.94,1542.94,15157.66,9050.44
119586503,Susquehanna Community SD,Susquehanna,866.627,969.802,9699.03,4537.2,337.58,14573.81,0,557.42,15131.23,9382.18
123467303,Spring-Ford Area SD,Montgomery,8082.473,9158.389,8858.78,4177.91,238.34,13275.03,0,1829.11,15104.14,9560
106169003,Union SD,Clarion,648.214,763.376,8648.11,4862.87,362.26,13873.24,34.51,1142.94,15050.69,8772.44
103029902,Woodland Hills SD,Allegheny,5084.537,5912.307,9633.62,3897.21,309.05,13839.88,0,1199.78,15039.65,8791.84
110173003,Glendale SD,Clearfield,828.755,975.005,8548.15,4858.26,473.6,13880.02,0,1154.21,15034.23,7896.29
123466103,Perkiomen Valley SD,Montgomery,6000.443,6889.156,8630.28,4552.76,239.61,13422.64,0,1601.21,15023.85,9348.44
125236903,Penn-Delco SD,Delaware,3477.587,3961.439,7555,4435.8,278.83,12269.62,23.5,2720.07,15013.19,8467.67
117598503,Wellsboro Area SD,Tioga,1544.128,1807.457,7803.29,4281.25,258.79,12343.32,57.22,2600.63,15001.18,7844.87
115221753,Derry Township SD,Dauphin,3667.762,4224.17,7606.76,4415.69,320.13,12342.58,203.62,2431.17,14977.38,8401.48
103026402,Mt Lebanon SD,Allegheny,5284.164,6056.901,8410.66,4190.28,423.1,13024.04,0,1951.46,14975.49,9672.96
117415004,Montgomery Area SD,Lycoming,862.998,1001.213,8674.21,4407.72,459.19,13541.11,0,1415.06,14956.17,8654.46
103021903,Clairton City SD,Allegheny,915.061,1060.454,10204.23,4230.04,373.51,14807.78,0,146.65,14954.43,9393.96
113364403,Manheim Central SD,Lancaster,3006.701,3514.679,7807.01,3813.96,347.46,11968.43,0,2980.51,14948.94,7658.57
103020753,Avonworth SD,Allegheny,1576.217,1817.414,8315.1,4427.15,531.17,13273.42,0,1651.7,14925.12,9054.02
101630504,Avella Area SD,Washington,616.115,727.179,8482.5,4760.59,532.24,13775.32,0,1117.91,14893.23,8765.23
121136603,Panther Valley SD,Carbon,1793.821,1945.842,8517.05,3465.99,245.53,12228.58,0,2662.61,14891.19,8310.3
104431304,Commodore Perry SD,Mercer,524.953,623.408,8560.98,4809.2,335.22,13705.4,0,1178.8,14884.2,8074.3
125235103,Interboro SD,Delaware,3552.181,4188.242,9362.26,4464.49,234.96,14061.71,268.22,543.13,14873.06,9488.25
109427503,Smethport Area SD,McKean,919.298,1077.423,7958.35,4581.74,417.94,12958.03,0,1894.06,14852.1,8601.29
113363103,Hempfield SD,Lancaster,6930.79,7925.968,9040.99,4123.69,224.06,13388.74,0,1459.47,14848.21,9184.24
108567204,Shade-Central City SD,Somerset,546.936,651.393,8228,4292.16,423.84,12944,15.72,1873.05,14832.78,8124.8
125239652,William Penn SD,Delaware,5604.586,6528.534,9676.65,4271.68,190.06,14138.4,0,693.04,14831.43,9041.35
106338003,Punxsutawney Area SD,Jefferson,2403.012,2835.611,8806.87,4775.43,276.2,13858.49,6.15,962.56,14827.21,7993.24
103028302,Shaler Area SD,Allegheny,4803.999,5659.499,8363.26,4520.01,328.7,13211.98,0,1581.93,14793.91,8537.58
112286003,Tuscarora SD,Franklin,2635.436,3098.144,6854.25,3961.6,225.59,11041.45,40.8,3707.44,14789.69,6979.06
119581003,Blue Ridge SD,Susquehanna,1039.483,1183.742,8320.72,4628.47,287.92,13237.11,0,1548.94,14786.05,8266.01
115674603,Northern York County SD,York,3243.75,3697.665,6691.07,3433.48,358.29,10482.84,166.87,4125.04,14774.75,7326.1
121394603,Northwestern Lehigh SD,Lehigh,2334.618,2665.624,8353.81,4560.31,327,13241.12,0,1506.18,14747.3,8967.5
117080503,Athens Area SD,Bradford,2210.866,2589.984,8652.98,4243.27,205.87,13102.12,0,1638.22,14740.35,8185.77
108112502,Greater Johnstown SD,Cambria,3145.675,3605.062,9048.41,3594.64,282.93,12925.98,601.22,1212.96,14740.16,7637.49
122092102,Central Bucks SD,Bucks,20000.459,23154.871,7444.72,3710.17,269.07,11423.95,0,3305.46,14729.42,7650.25
120484903,Northampton Area SD,Northampton,5710.235,6679.943,8259.11,4415.69,223.62,12898.43,0.38,1803.16,14701.97,8482.91
127044103,Hopewell Area SD,Beaver,2368.156,2815.522,7693.56,4165.86,353.95,12213.37,0,2483.05,14696.42,7870.18
103021252,Bethel Park SD,Allegheny,4661.632,5399.494,8355.74,4316.05,326.58,12998.37,40.83,1655.95,14695.15,8955.02
103022803,East Allegheny SD,Allegheny,1929.513,2203.806,8541.55,4515.77,210.22,13267.54,0,1390.28,14657.82,7994.73
106611303,Cranberry Area SD,Venango,1170.357,1370.369,9192.25,4573.97,296.05,14062.26,2.42,581.12,14645.81,8971.91
114069103,Wilson SD,Berks,5953.98,6984.411,7752.35,3800.88,330.59,11883.82,0,2756.23,14640.05,8142.58
114063503,Hamburg Area SD,Berks,2415.309,2842.178,7943.08,4281.82,271.17,12496.06,0,2128.51,14624.58,8354.28
103023153,Elizabeth Forward SD,Allegheny,2445.217,2901.317,8799.04,4410.01,393.52,13602.57,0,1011,14613.58,8645.24
118667503,Tunkhannock Area SD,Wyoming,2749.526,3227.627,8726.9,4259.36,268.72,13254.98,0,1301.82,14556.79,8586.5
104433604,Jamestown Area SD,Mercer,557.458,653.998,7633.12,5260.76,303.03,13196.91,0,1355.65,14552.55,7877.36
112678503,West York Area SD,York,3304.052,3813.529,8819.11,3768.56,263.46,12851.13,18.24,1641.94,14511.31,8842.81
112676203,South Eastern SD,York,3079.171,3612.479,8649.63,4147.41,286.66,13083.69,0,1412.75,14496.45,8636.8
118406003,Northwest Area SD,Luzerne,1235.316,1456.193,8922.37,4299.93,263.17,13485.48,0,1007.23,14492.71,8280.03
103026002,McKeesport Area SD,Allegheny,3979.299,4645.924,8415.61,4024.07,206.4,12646.08,0,1840.46,14486.54,6882.18
108567404,Shanksville-Stonycreek SD,Somerset,423.982,486.377,7412.02,4926.08,226.23,12564.33,0,1907.67,14472,8573.29
112676503,Southern York County SD,York,3263.05,3815.119,8293.66,4005.94,264.55,12564.15,0,1883.38,14447.53,8629.37
106168003,Redbank Valley SD,Clarion,1169.354,1372.152,8705.92,3619.55,257.93,12583.39,0,1846.08,14429.47,7661.72
107654903,Ligonier Valley SD,Westmoreland,1731.582,2046.937,7647.93,4803.29,233.88,12685.09,52.87,1685.74,14423.7,8042.53
115226103,Millersburg Area SD,Dauphin,861.789,972.513,8549.04,4344.69,351.01,13244.74,90.5,1066.69,14401.93,8729.61
127049303,Western Beaver County SD,Beaver,787.886,933.775,8822.9,4530.04,303.61,13656.54,8.6,733.55,14398.69,8589.26
129547803,Tri-Valley SD,Schuylkill,904.576,1056.345,7642.07,4282.55,331.74,12256.36,788.75,1352.69,14397.81,8134.61
117417202,Williamsport Area SD,Lycoming,5306.577,6155.999,8034.65,4091.88,223.08,12349.61,0,2047.15,14396.75,11721.44
129544503,Mahanoy Area SD,Schuylkill,1090.422,1280.094,7631.62,4824.47,384.81,12840.9,28.71,1519.51,14389.12,8077.29
128034503,Leechburg Area SD,Armstrong,850.643,969.751,8485.34,4002.04,398.6,12885.98,0,1503.13,14389.1,8869.38
109426303,Port Allegany SD,McKean,903.784,1060.382,8914.87,3689.23,406.18,13010.28,0,1365.29,14375.56,8052.58
126515001,Philadelphia City SD,Philadelphia,202134.44,233183.86,9707.6,3279.46,90.07,13077.13,0,1283.97,14361.1,7553.77
115222504,Halifax Area SD,Dauphin,1143.373,1336.133,8227.27,4785.02,306.72,13319.01,0,1041.58,14360.59,8340.38
119584503,Montrose Area SD,Susquehanna,1619.88,1924.164,8501.18,5026.51,300.73,13828.42,40.94,489.53,14358.89,8479.33
119357003,Riverside SD,Lackawanna,1592.873,1849.631,8558.04,3737.61,289.36,12585.01,0,1759.4,14344.41,8276.31
113361503,Columbia Borough SD,Lancaster,1474.6,1697.482,8696.42,3499.81,305.61,12501.85,0,1839.02,14340.86,8320.07
115216503,Mechanicsburg Area SD,Cumberland,3781.499,4436.117,8012.4,3595.06,396.16,12003.62,3.25,2293.03,14299.9,8078.72
113361303,Cocalico SD,Lancaster,3307.456,3794.84,7918.16,3688.19,257.28,11863.63,0,2431.46,14295.09,8283.42
117083004,Northeast Bradford SD,Bradford,852.853,996.026,8106.75,5113.37,266.53,13486.65,0,784.49,14271.13,8564.23
128030852,Armstrong SD,Armstrong,5818.487,6668.781,9025.27,4188.2,260.56,13474.02,65.34,710.27,14249.62,8221.47
112672203,Eastern York SD,York,2689.887,3144.858,8720.58,3577.87,320.1,12618.55,0,1629.38,14247.93,8377.99
123468603,Upper Perkiomen SD,Montgomery,3353.655,3801.374,8986.96,3975.34,234.76,13197.06,0,1046.51,14243.57,9069.63
120488603,Wilson Area SD,Northampton,2294.582,2631.44,7858.64,4015.37,365.29,12239.3,0,1998.64,14237.94,8342.39
106612203,Franklin Area SD,Venango,2033.275,2377.045,8749.47,4498.05,238.33,13485.86,0,742.43,14228.28,7629.59
105204703,Penncrest SD,Crawford,3384.36,4029.384,8839.54,4118.8,375.94,13334.29,177.09,714.14,14225.52,7459.86
120484803,Nazareth Area SD,Northampton,4708.142,5546.687,8048.98,3976.34,317.75,12343.07,0,1880.94,14224.01,8295.29
116604003,Lewisburg Area SD,Union,1914.283,2240.253,8354.18,4083.49,370.01,12807.67,0,1412.95,14220.62,8726.49
112676703,Spring Grove Area SD,York,4008.381,4589.284,7327.53,4311.99,212.6,11852.12,0,2367.44,14219.56,7917.78
106161203,Clarion Area SD,Clarion,829.786,986.432,7973.17,4592.37,485.78,13051.32,0,1166.4,14217.73,8463.08
116195004,Millville Area SD,Columbia,744.496,866.82,7889.71,4616.26,273.63,12779.59,0,1431,14210.59,8373.23
121135503,Lehighton Area SD,Carbon,2455.045,2858.931,8912.97,3870.01,329.17,13112.15,254.12,844.13,14210.4,8751.13
101632403,Fort Cherry SD,Washington,1150.066,1342.582,7863.37,4469.15,345.52,12678.04,0,1531.91,14209.96,7992.41
109426003,Otto-Eldred SD,McKean,738.609,839.021,7492.82,4387.96,321.18,12201.96,0,1992.93,14194.9,6877.94
101638003,Trinity Area SD,Washington,3436.248,4036.31,7929.23,4178.28,284.41,12391.92,0,1784.02,14175.94,8227.87
105258303,North East SD,Erie,1722.801,2014.497,6800.91,3594.8,323.05,10718.76,0,3449.95,14168.71,6731.07
119356503,North Pocono SD,Lackawanna,3138.499,3687.262,7680.13,4460.02,261.6,12401.75,34.81,1667.5,14104.06,8048.52
115224003,Lower Dauphin SD,Dauphin,3905.986,4476.536,7969.15,3839.27,237.44,12045.86,0,2038.8,14084.66,8003.42
116191004,Benton Area SD,Columbia,743.861,871.618,7390.94,4615.22,285.53,12291.69,0,1790.22,14081.91,7796.82
120483302,Easton Area SD,Northampton,9400.911,10627.733,8370.9,3674.84,360.1,12405.84,0,1663.56,14069.4,8727.99
108058003,Tussey Mountain SD,Bedford,1134.757,1298.668,7666.94,4400.9,307.32,12375.15,20.09,1657.62,14052.87,7551.42
112671603,Dallastown Area SD,York,6306.861,7385.718,8954.58,3564.87,254.06,12773.52,0,1269.99,14043.5,8916.51
105201033,Conneaut SD,Crawford,2329.417,2747.109,7296.21,5028.21,289.73,12614.15,0,1405.21,14019.36,7014.24
113362303,Eastern Lancaster County SD,Lancaster,3249.068,3725.993,7566.1,4492.09,310.56,12368.75,311.68,1330.59,14011.03,7753.18
117596003,Northern Tioga SD,Tioga,2107.239,2464.724,8176.31,3947.11,291.66,12415.08,51.99,1525.91,13992.98,7670.73
119582503,Elk Lake SD,Susquehanna,1272.107,1487.328,8932.44,4203.34,408.99,13544.77,0,443.98,13988.75,8210.35
115228303,Susquehanna Township SD,Dauphin,3005.2,3571.351,8548.04,3917.06,274.35,12739.45,0,1247.18,13986.63,8428.7
107651603,Derry Area SD,Westmoreland,2244.52,2648.618,7796.96,4003.49,295.46,12095.9,0,1881.5,13977.41,7934.07
117415303,Muncy SD,Lycoming,1040.926,1215.451,7909.14,3924.5,499.27,12332.92,452.23,1177.99,13963.14,8776.89
112281302,Chambersburg Area SD,Franklin,9313.839,10853.687,6979.29,3478.18,193.83,10651.31,0.06,3298.91,13950.28,6787.18
121395103,Parkland SD,Lehigh,9470.274,10968.842,8448.01,4018.94,168.9,12635.85,0,1313.18,13949.03,8443.1
101303503,Jefferson-Morgan SD,Greene,839.852,988.107,8563.95,4072.21,409.7,13045.86,0,889.98,13935.84,8410.64
120485603,Pen Argyl Area SD,Northampton,1792.027,2098.311,7700.15,4583.2,433.58,12716.94,0,1214,13930.93,8504.2
114062503,Fleetwood Area SD,Berks,2696.173,3162.678,7791.96,3813.38,210.6,11815.94,0,2096.89,13912.83,7966.15
108565503,North Star SD,Somerset,1248.05,1469.428,7193.95,4454.39,273.42,11921.75,0,1953.34,13875.09,7027.17
127041503,Big Beaver Falls Area SD,Beaver,1737.388,2005.8,7826.89,4583.29,406.15,12816.33,148.69,909.83,13874.86,7951.67
119584603,Mountain View SD,Susquehanna,1158.111,1364.152,8770.64,4232.66,226.62,13229.93,0,630.14,13860.07,8286.12
111316003,Mount Union Area SD,Huntingdon,1581.424,1854.201,6543.69,3415.86,214.33,10173.88,0,3682.67,13856.55,5306.77
105254353,Harbor Creek SD,Erie,2082.54,2446.93,7365.66,3739.85,213.54,11319.05,12.54,2497.25,13828.84,7240
110171803,Curwensville Area SD,Clearfield,1137.184,1348.008,7595.74,3961.78,269.04,11826.57,733.12,1261.29,13820.98,7858.13
110179003,West Branch Area SD,Clearfield,1130.431,1338.521,8812.66,3776.55,289.89,12879.09,0,923.08,13802.17,8197.13
117086503,Towanda Area SD,Bradford,1609.025,1844.973,7748.18,3743.7,337.97,11829.85,427.43,1544.44,13801.72,7241.35
114063003,Governor Mifflin SD,Berks,4267.189,4994.886,7946.45,3880.89,334.96,12162.3,0.04,1631.33,13793.68,8311.38
105251453,Corry Area SD,Erie,2184.072,2575.676,7646.48,4219.03,366.21,12231.72,9.87,1544.95,13786.54,6788.89
107654103,Jeannette City SD,Westmoreland,1204.258,1341.259,7647.86,3833.74,321.68,11803.28,0,1965.96,13769.24,7630.47
113363603,Lampeter-Strasburg SD,Lancaster,3177.727,3665.437,7837.46,3409.9,242.45,11489.8,0,2274.45,13764.25,8060.32
103024603,Hampton Township SD,Allegheny,3132.787,3660.075,7609.47,3916.81,332.73,11859.02,0,1885.01,13744.03,8059.92
121392303,East Penn SD,Lehigh,8422.746,9639.442,7814.86,3964,194.01,11972.87,0,1769.59,13742.46,8194.89
104378003,Wilmington Area SD,Lawrence,1370.169,1627.706,7381.94,3618.61,355.16,11355.71,42.23,2334.62,13732.56,6494.99
115228003,Steelton-Highspire SD,Dauphin,1478.31,1668.009,7927.38,3939.62,241.94,12108.93,0,1561.4,13670.33,7411.86
114068103,Twin Valley SD,Berks,3510.456,4090.471,8059.98,3613.14,223.35,11896.46,5.74,1756.71,13658.91,7751.93
112674403,Northeastern York SD,York,3968.841,4604.093,8218.74,3782.61,171.69,12173.04,0,1484.11,13657.15,8398.6
109420803,Bradford Area SD,McKean,2568.497,2993.058,7865.94,4393.96,316.75,12576.65,30.36,1040.41,13647.42,7217.44
103021102,Baldwin-Whitehall SD,Allegheny,4237.493,4992.665,7286.34,4328.7,304.67,11919.72,8.83,1693.43,13621.97,7741.88
110141103,Bellefonte Area SD,Centre,2944.307,3425.874,7862.24,4583.99,203.39,12649.62,0,967.15,13616.78,8487.64
103021003,Pine-Richland SD,Allegheny,4716.016,5423.378,7731.75,3629.11,304.08,11664.93,41.31,1908.66,13614.9,8189.35
116471803,Danville Area SD,Montour,2273.91,2633.733,8269.66,4069.66,272.09,12611.42,144.96,848.85,13605.23,7893.69
107655903,Mount Pleasant Area SD,Westmoreland,2239.095,2640.063,7642.15,4161.12,274.37,12077.64,0,1526.82,13604.46,7588.4
115221402,Central Dauphin SD,Dauphin,11736.021,13331.792,7795.03,3719.44,222.71,11737.18,0,1865.62,13602.8,7888.34
101631903,Chartiers-Houston SD,Washington,1195.16,1401.965,6936.24,4631.67,474.29,12042.2,0,1555.91,13598.11,8253.1
103027503,Plum Borough SD,Allegheny,4077.243,4821.024,7820.22,3628.1,276.42,11724.75,89.34,1779.31,13593.39,7804.81
103028703,South Fayette Township SD,Allegheny,2749.884,3060.634,6443.02,4355.2,428.69,11226.91,0,2363,13589.91,7494.37
114060503,Antietam SD,Berks,1039.478,1209.861,7628.17,4327.43,335.71,12291.31,6.28,1291.19,13588.79,8445.02
128030603,Apollo-Ridge SD,Armstrong,1415.573,1677.181,8008.38,3950.91,306.65,12265.94,98.88,1185.75,13550.56,7625.22
101261302,Connellsville Area SD,Fayette,5009.955,5892.954,7567.51,4114.17,212.63,11894.31,0,1646.71,13541.02,7306.5
113362203,Donegal SD,Lancaster,3020.992,3450.628,7375.41,3305.82,199.36,10880.59,0,2649.85,13530.44,7032.29
120522003,Delaware Valley SD,Pike,5067.408,5972.339,8210.93,3654.36,335.38,12200.67,0,1317.38,13518.05,7984
108053003,Everett Area SD,Bedford,1352.379,1596.81,7648.13,4249.39,278.35,12175.87,0,1311.17,13487.05,7220.56
114061503,Daniel Boone Area SD,Berks,3716.956,4331.203,7632.28,3810.08,168.07,11610.44,0,1876.22,13486.66,7675.35
105259703,Wattsburg Area SD,Erie,1481.127,1748.237,7025.97,4561.43,256.95,11844.36,0,1638.69,13483.05,6925.1
115218303,South Middleton SD,Cumberland,2202.713,2583.358,7783.24,4154.81,296.41,12234.46,0,1236.35,13470.81,8340
112675503,Red Lion Area SD,York,5853.063,6727.787,8143.36,3473.51,126.38,11743.26,0,1722.22,13465.48,7948.09
120481002,Bethlehem Area SD,Northampton,15838.536,18095.214,8109.39,3372,144.32,11625.72,3.71,1834.82,13464.25,7914.88
107650703,Burrell SD,Westmoreland,1873.657,2199.132,7362.84,4191.48,242.78,11797.1,0,1666.45,13463.55,7603.66
127040703,Ambridge Area SD,Beaver,2886.428,3340.951,7805.11,3557.95,224.72,11587.79,52.34,1792.71,13432.83,7336.54
111312804,Juniata Valley SD,Huntingdon,774.364,904.871,7567.55,3651.03,411.62,11630.2,0,1789.09,13419.29,7356.57
114065503,Muhlenberg SD,Berks,3558.723,4209.298,7249.06,3489.79,360.58,11099.44,0,2304.17,13403.61,7490.53
108567703,Somerset Area SD,Somerset,2365.963,2819.984,7594.52,3731.17,462.63,11788.32,0,1611.94,13400.26,7396.23
103028833,Steel Valley SD,Allegheny,1921.605,2260.408,8136.16,3899.49,227.56,12263.21,0,1132.95,13396.16,8012.14
117086653,Troy Area SD,Bradford,1585.58,1857.53,7324.45,4211.16,289.31,11824.92,2.06,1568.06,13395.04,7125.56
124156703,Oxford Area SD,Chester,4287.818,5055.135,7554.99,3350.25,180.52,11085.76,0,2268.9,13354.65,7688.55
117597003,Southern Tioga SD,Tioga,1983.165,2318.068,7950.89,3428.39,344.92,11724.2,11.94,1602.27,13338.41,7596.5
105253903,General McLane SD,Erie,2170,2566.687,6891.6,3989.4,319.92,11200.92,0,2136.99,13337.92,6733.73
101631503,California Area SD,Washington,1001.56,1187.732,7367.44,4019.26,337.39,11724.1,0,1603.78,13327.88,7410.2
115211103,Carlisle Area SD,Cumberland,5087.527,5884.2,6865.45,3925.69,215.44,11006.58,26.42,2279.73,13312.73,7329.24
110183602,Keystone Central SD,Clinton,4557.864,5360.278,8084.94,3758.71,443.46,12287.11,0,1023.64,13310.75,7543.19
103028753,South Park SD,Allegheny,2079.033,2403.401,6953.62,4003.45,359.64,11316.71,0,1987.71,13304.42,7504.26
108078003,Tyrone Area SD,Blair,1861.788,2139.804,6303.19,3839.33,257.81,10400.33,12.81,2875.75,13288.9,6061.76
109531304,Coudersport Area SD,Potter,858.099,1000.455,6984.6,4081.4,373.64,11439.64,0,1848.72,13288.35,7461.01
107656303,New Kensington-Arnold SD,Westmoreland,2280.096,2649.302,8537.7,3721.39,212.08,12471.17,0,780.36,13251.53,7737.85
106166503,Keystone SD,Clarion,1087.099,1274.363,8543.38,4002.48,175.14,12721,0,525.45,13246.45,7908.21
103029553,West Jefferson Hills SD,Allegheny,2872.472,3280.072,6957.79,4336.17,374.71,11668.66,400.44,1142.73,13211.83,7961.69
108566303,Rockwood Area SD,Somerset,809.604,952.139,7616.62,3802,270.22,11688.84,360.13,1158.5,13207.47,7805.98
112018523,Upper Adams SD,Adams,1735.398,2017.864,7457.04,4484.53,399.56,12341.12,0,855.98,13197.1,8021.49
110175003,Moshannon Valley SD,Clearfield,951.117,1112.722,6582.56,4225.1,308.88,11116.53,3.64,2057.77,13177.94,6647.28
112676403,South Western SD,York,4176.652,4780.819,7906.76,3741.02,202.75,11850.53,0,1310.44,13160.96,8327.08
105253303,Fairview SD,Erie,1621.485,1902.351,6720.21,3969.1,437.43,11126.75,0.06,2031.22,13158.03,7337.3
104375003,Mohawk Area SD,Lawrence,1550.749,1829.403,8250.43,3664.42,264.13,12178.98,141.37,832.94,13153.28,7590.5
106617203,Titusville Area SD,Venango,2092.929,2349.365,7429.61,4214.32,414.6,12058.52,0,1080.78,13139.3,7652.45
118408852,Wilkes-Barre Area SD,Luzerne,7556.965,8830.737,8777.47,3556.74,268.03,12602.25,0,531.87,13134.11,8624.07
117081003,Canton Area SD,Bradford,1032.222,1204.045,7878.65,3914.86,263.12,12056.63,14.42,1052.52,13123.57,7539.42
101631003,Bethlehem-Center SD,Washington,1290.761,1509.801,7378.1,5228.82,258.99,12865.9,7.57,241.62,13115.09,7269.86
101631203,Burgettstown Area SD,Washington,1375.683,1631.474,7479.81,3656.79,301.84,11438.45,45.64,1627.78,13111.87,7018.49
127045853,Riverside Beaver County SD,Beaver,1611.13,1893.236,7469.73,4207.15,285.17,11962.05,0,1130.76,13092.81,7601.22
117414203,Loyalsock Township SD,Lycoming,1485.313,1731.348,7260.91,3731.32,330.07,11322.3,0,1758.05,13080.35,7628.75
108565203,Meyersdale Area SD,Somerset,939.817,1102.265,7492.45,4252.09,392.38,12136.92,35.05,891.15,13063.12,7544.58
129546103,Pottsville Area SD,Schuylkill,2813.206,3288.68,8285.99,4060.73,434.06,12780.78,0,271.61,13052.39,7957.25
113362603,Ephrata Area SD,Lancaster,4275.546,4807.456,6716.61,4121.24,273.28,11111.13,0,1940.06,13051.19,7606.82
103024753,Highlands SD,Allegheny,2641.054,3061.843,7754.34,3882.61,217.79,11854.74,0,1190.48,13045.22,7296.59
101260803,Brownsville Area SD,Fayette,1853.228,2188.571,7561.49,3910.66,203.8,11675.95,0,1363.14,13039.1,6491.26
104375302,New Castle Area SD,Lawrence,3411.932,3920.426,8214.68,3329.62,214.24,11758.54,0,1277.02,13035.56,7048.95
108114503,Northern Cambria SD,Cambria,1193.918,1398.379,7955.02,4140.02,323.34,12418.37,0,612.22,13030.59,7653.42
107653203,Greensburg Salem SD,Westmoreland,3026.169,3524.966,7925.44,3734.39,291.75,11951.58,0,1072.98,13024.56,7838.27
113385003,Northern Lebanon SD,Lebanon,2426.076,2760.536,7622.73,4025.67,214.8,11863.2,0,1152.23,13015.43,8093.97
104376203,Shenango Area SD,Lawrence,1224.893,1442.041,8387.46,3346.69,367.6,12101.74,0,908.95,13010.69,7817.31
107653802,Hempfield Area SD,Westmoreland,6320.111,7439.654,7868.25,3226.27,257.81,11352.33,0.85,1651.97,13005.15,7534.65
112011603,Conewago Valley SD,Adams,4039.588,4733.458,7148.86,2972.7,173.61,10295.17,0,2709.05,13004.22,6767.37
115229003,Upper Dauphin Area SD,Dauphin,1276.042,1492.506,8100.04,3556.32,233.5,11889.86,0,1095.46,12985.32,7407.16
111291304,Central Fulton SD,Fulton,1009.234,1123.193,7391.33,3423.73,817.52,11632.58,1.55,1346.79,12980.92,7692.76
104437503,West Middlesex Area SD,Mercer,1016.514,1208.563,7319.96,3991.14,396.35,11707.45,0,1261.35,12968.8,7061.14
117414003,Jersey Shore Area SD,Lycoming,2752.335,3207.326,7654.5,3452.37,223.79,11330.66,0,1627.2,12957.86,7896.16
101637002,Ringgold SD,Washington,3089.139,3645.682,6694.01,3861.52,226.87,10782.4,0,2170.09,12952.49,6817.24
113381303,Cornwall-Lebanon SD,Lebanon,4819.703,5529.103,7762.79,3593.47,230.6,11586.86,20.44,1344.25,12951.55,7977.42
104435603,Sharon City SD,Mercer,2217.198,2567.551,7781.05,3103.54,317.89,11202.49,0,1742.03,12944.52,6649.57
106172003,Dubois Area SD,Clearfield,4167.497,4899.485,7725.24,4104.22,183.61,12013.08,0,889.52,12902.6,7414.23
119356603,Old Forge SD,Lackawanna,915.721,1071.017,7841.59,3751.75,357.33,11950.67,0,944.79,12895.46,8044.08
104105353,Moniteau SD,Butler,1503.176,1735.615,6678.85,4305.98,711.11,11695.94,7.38,1191.62,12894.95,7227.79
115211603,Cumberland Valley SD,Cumberland,8187.334,9344.693,6556.86,3737.37,243.91,10538.14,8.83,2343.99,12890.97,7103.5
101268003,Uniontown Area SD,Fayette,3061.614,3616.842,6942.15,4110.57,146.48,11199.2,0,1662.58,12861.78,6477.11
101631703,Canon-McMillan SD,Washington,5068.591,5765.338,6439.55,3663.91,254.9,10358.37,141.91,2360.91,12861.19,7085.89
113369003,Warwick SD,Lancaster,4502.013,5180.653,7256.8,3112.79,294.25,10663.84,0.15,2188.06,12852.04,7342.74
118403903,Lake-Lehman SD,Luzerne,2031.087,2387.288,7568.13,3932.24,311.9,11812.27,42.13,981.81,12836.21,7600.14
110171003,Clearfield Area SD,Clearfield,2389.694,2825.616,7074.93,4411.74,227.49,11714.15,0,1113.12,12827.27,7000.1
107657503,Southmoreland SD,Westmoreland,2003.668,2355.469,7404.65,3652.94,360.07,11417.65,0,1394.65,12812.3,7195.63
125239452,Upper Darby SD,Delaware,12573.764,Haris,8297.19,3547.64,358.74,12203.57,0,602.45,12806.02,7891.36
108079004,Williamsburg Community SD,Blair,521.102,608.118,6493.32,4532.38,431.49,11457.19,4.61,1335.97,12797.77,7115.82
101630903,Bentworth SD,Washington,1221.475,1437.202,6995.96,3799.51,326.09,11121.56,161.74,1513.77,12797.07,7171.92
105253553,Fort LeBoeuf SD,Erie,2173.448,2553.011,6769.59,3784.81,285.81,10840.21,7.88,1944.05,12792.13,6833.17
107658903,Yough SD,Westmoreland,2301.896,2717.919,7366.35,3804.09,300.12,11470.56,2.69,1316.43,12789.67,7055.42
112671803,Dover Area SD,York,3920.305,4569.778,7635.57,3861.13,219.43,11716.13,0.85,1060.54,12777.52,7671.13
112013054,Fairfield Area SD,Adams,1193.946,1416.709,7267.23,3776.67,374.31,11418.2,0.72,1337.28,12756.21,7615.98
106330803,Brookville Area SD,Jefferson,1662.626,1941.14,6886.4,4304.9,264.1,11455.4,33.45,1263.32,12752.17,6702.34
105201352,Crawford Central SD,Crawford,3999.547,4663.457,7311.97,3809.45,273.49,11394.91,0,1354.44,12749.35,7099.67
112289003,Waynesboro Area SD,Franklin,4517.053,5122.429,7067.88,2679.97,183.07,9930.92,19.02,2795.55,12745.48,6250.28
103028853,Sto-Rox SD,Allegheny,1709.005,1956.602,7275.02,4431.15,113.63,11819.81,0,918.35,12738.16,7018.12
127045653,New Brighton Area SD,Beaver,1627.493,1910.139,7601.43,4000.07,378.03,11979.53,101.37,656.55,12737.44,7578.59
117415103,Montoursville Area SD,Lycoming,1993.485,2338.374,6980.3,3959.87,272.6,11212.77,0,1523.55,12736.32,7362.13
113382303,Eastern Lebanon County SD,Lebanon,2514.287,2841.489,7193.37,3531.04,294.6,11019.01,0,1712.77,12731.78,7648.1
104374003,Laurel SD,Lawrence,1331.398,1582.897,6826.4,4028.82,318.04,11173.26,398.51,1152.35,12724.11,6904.95
105628302,Warren County SD,Warren,4948.232,5826.957,7707.34,4005.79,179.9,11893.03,0,830.19,12723.22,6850.67
116555003,Midd-West SD,Snyder,2434.708,2845.779,6984.51,3482.61,155.8,10622.92,0,2094.99,12717.91,6388.31
113362403,Elizabethtown Area SD,Lancaster,3995.963,4550.581,7431.56,3401.1,225.72,11058.38,0,1656.3,12714.69,7568.21
106618603,Valley Grove SD,Venango,982.208,1142.497,7311.5,4014.71,229.46,11555.67,0,1151.42,12707.09,7388.61
108112003,Ferndale Area SD,Cambria,768.767,880.769,6981.98,4476.6,242.14,11700.73,0,986.43,12687.16,7444.08
117412003,East Lycoming SD,Lycoming,1659.412,1945.491,7104.26,3424.01,399.44,10927.7,188.15,1545.64,12661.48,7225.96
116557103,Selinsgrove Area SD,Snyder,2766.118,3214.925,7384.3,3676.43,225.4,11286.13,146.67,1219.11,12651.91,7288.07
104107903,Seneca Valley SD,Butler,7407.303,8460.02,7853.46,3314.67,226.22,11394.35,0,1257.52,12651.86,7667.25
107652603,Franklin Regional SD,Westmoreland,3722.694,4390.704,7410.9,3798.83,295.74,11505.47,0,1144.09,12649.57,7831.56
113364503,Manheim Township SD,Lancaster,5956.092,6802.527,6341.95,3336.57,181.97,9860.49,15.05,2773.12,12648.65,6820.6
108568404,Turkeyfoot Valley Area SD,Somerset,420.49,496.134,7071.09,4624.54,194.5,11890.13,21.18,719.07,12630.38,6357.82
115508003,West Perry SD,Perry,2641.686,3104.051,7246.29,4005.99,125.71,11377.99,0,1237.7,12615.69,6802.23
105257602,Millcreek Township SD,Erie,7410.481,8711.524,6794.59,3803.25,186.45,10784.29,0,1820.11,12604.4,6794.51
106616203,Oil City Area SD,Venango,2220.381,2606.737,7199.2,4187.24,299.18,11685.62,0,917.29,12602.91,7043.65
108051003,Bedford Area SD,Bedford,2229.498,2639.182,7175.27,4023.01,182.61,11380.89,0,1218.77,12599.66,6616.51
129547303,Schuylkill Haven Area SD,Schuylkill,1294.145,1519.995,7111.6,3727.75,339.45,11178.8,0,1419.48,12598.28,7249.74
101260303,Albert Gallatin Area SD,Fayette,3759.223,4441.206,6904.6,4180.17,194.45,11279.22,0,1302.29,12581.51,6590.48
108111203,Cambria Heights SD,Cambria,1488.095,1753.15,7690.58,3895.66,328.4,11914.63,33.55,629.38,12577.56,7420.54
104107503,Slippery Rock Area SD,Butler,2239.719,2628.863,7878.13,3398.79,301.93,11578.85,0,963.79,12542.64,7707.3
107654403,Kiski Area SD,Westmoreland,3998.159,4721.406,7211.74,3569.04,275.52,11056.31,0,1477.26,12533.57,6861.01
121390302,Allentown City SD,Lehigh,19117.878,21431.118,8309.8,3179.25,160.09,11649.15,0,883.45,12532.6,7286.12
112671303,Central York SD,York,6012.263,7020.675,7296.38,3392.82,256.65,10945.85,0,1557.37,12503.22,7639.53
101262903,Frazier SD,Fayette,1223.183,1401.529,7005.32,4169.68,282,11457,2.04,1041.52,12500.57,7286.28
119350303,Abington Heights SD,Lackawanna,3425.218,3922.823,7344.14,3533.81,209.38,11087.34,0,1411.64,12498.98,7796.58
119351303,Carbondale Area SD,Lackawanna,1717.697,1982.646,8256.49,2813.8,224.44,11294.72,0,1202.28,12497,6666.07
129540803,Blue Mountain SD,Schuylkill,2892.295,3391.638,6803.02,4012.65,357.3,11172.98,0,1322.09,12495.07,7154.06
113365203,Penn Manor SD,Lancaster,5295.855,6080.496,7150.19,3088.88,205.42,10444.49,0,2042.66,12487.15,6990.07
106167504,North Clarion County SD,Clarion,598.386,702.716,7325.64,3975.65,156.93,11458.21,6.28,1021.49,12485.98,6972.18
108073503,Hollidaysburg Area SD,Blair,3476.944,4081.255,6849.7,3845.78,273.1,10968.58,0,1480.05,12448.62,7220.99
121397803,Whitehall-Coplay SD,Lehigh,4352.531,5017.376,7265.14,3619.65,228.7,11113.49,7.95,1326.17,12447.62,8004.57
101301303,Carmichaels Area SD,Greene,1147.675,1337.092,7507.47,3697,470.9,11675.36,5.94,754.39,12435.69,7113.18
111297504,Southern Fulton SD,Fulton,849.369,1006.944,6680.46,3951.58,215.54,10847.58,0,1573.6,12421.18,6786.31
109246003,Ridgway Area SD,Elk,913.164,1072.623,7475.72,4577.81,261.44,12314.97,0,63.48,12378.45,7998.66
113367003,Solanco SD,Lancaster,3810.992,4376.089,6949.97,3392.29,224.69,10566.95,0,1791,12357.95,6799.48
127041203,Beaver Area SD,Beaver,2112.097,2420.312,6395.99,4224.22,308.41,10928.61,36.46,1388.7,12353.77,6982.2
121136503,Palmerton Area SD,Carbon,2024.137,2318.368,7973.23,3259.88,306.52,11539.64,0,804.23,12343.87,7428.41
129546003,Pine Grove Area SD,Schuylkill,1636.045,1910.329,6983.15,3689.03,262.1,10934.27,0,1393.46,12327.74,6946.01
104103603,Karns City Area SD,Butler,1645.48,1944.877,7448.78,3838.6,243.18,11530.55,141.24,639.18,12310.97,7074.3
106330703,Brockway Area SD,Jefferson,1067.704,1246.16,7328.48,4060.04,381.98,11770.49,198.88,329.34,12298.72,7609.44
108071003,Bellwood-Antis SD,Blair,1268.101,1484.713,6481.4,3820.19,413.42,10715.01,0,1561.94,12276.95,7316.72
108110603,Blacklick Valley SD,Cambria,680.955,791.635,7475.86,4286.15,480.05,12242.06,0,31.14,12273.19,7726.1
116496603,Shikellamy SD,Northumberland,3027.976,3542.723,8098.25,3020.35,184.05,11302.65,0,966.67,12269.32,7431.67
108561803,Conemaugh Township Area SD,Somerset,999.048,1167.765,6935.01,3854.86,373.85,11163.71,0,1100.13,12263.85,7180.73
104433303,Hermitage SD,Mercer,2186.353,2567.431,7445.14,3180.98,361.13,10987.25,0.25,1273.79,12261.29,7274.41
116495003,Milton Area SD,Northumberland,2239.205,2610.074,7617.49,3363.49,262.8,11243.78,0,998.04,12241.82,6877.83
127042003,Central Valley SD,Beaver,2480.478,2834.765,7138.47,3775.13,308.82,11222.42,0,1004.14,12226.56,7496.4
113385303,Palmyra Area SD,Lebanon,3454.066,3926.885,6117.79,2976,242.34,9336.13,3.16,2885.8,12225.09,5954.79
129546803,Saint Clair Area SD,Schuylkill,874.604,1018.005,8662.74,2442.14,193.91,11298.79,0,924.46,12223.25,7521.84
104435003,Mercer Area SD,Mercer,1286.678,1520.163,6688.07,3491.93,335.55,10515.54,0,1690.19,12205.73,6002.59
118403003,Hanover Area SD,Luzerne,2132.836,2489.433,6877.76,3504.35,240.16,10622.27,0,1564.97,12187.25,7024.34
104372003,Ellwood City Area SD,Lawrence,2036.75,2407.72,7429.73,3621.03,246.12,11296.89,0,878.75,12175.64,7307.04
113361703,Conestoga Valley SD,Lancaster,4484.391,5222.322,7002.7,3216.76,290.16,10509.62,0,1658.08,12167.7,7038.92
124150503,Avon Grove SD,Chester,6004.256,6941.392,7775.37,3049.66,156.85,10981.87,0,1181.97,12163.84,7623.7
105259103,Union City Area SD,Erie,1279.727,1425.736,7193.99,3640.33,428.19,11262.52,20.15,880.76,12163.43,6730.66
112015203,Littlestown Area SD,Adams,2148.671,2526.966,7452.33,3182.03,192.21,10826.57,0,1270.46,12097.03,7081.46
116191103,Berwick Area SD,Columbia,3232.187,3775.725,7889.77,3616.97,224.72,11731.46,0,365.28,12096.75,7606.09
128033053,Freeport Area SD,Armstrong,1962.796,2316.398,6809.31,3895.97,250.6,10955.88,102.95,1023.53,12082.36,7246.54
114060753,Boyertown Area SD,Berks,7343.544,8367.745,7178.73,3648.85,165.46,10993.04,0,1045.23,12038.27,7471.62
115212503,East Pennsboro Area SD,Cumberland,2818.809,3292.92,7126.1,3205.34,230.3,10561.74,32.22,1428.84,12022.8,7031.46
107650603,Belle Vernon Area SD,Westmoreland,2698.148,3176.372,7611.45,3506.89,314.57,11432.92,11.28,577.7,12021.89,7180.24
127041603,Blackhawk SD,Beaver,2604.05,3076.059,7011.09,3671.86,417.74,11100.69,0,908.23,12008.92,7227.49
104375203,Neshannock Township SD,Lawrence,1337.828,1543.068,6878.89,3609.94,393.71,10882.53,0,1112.66,11995.2,7505.28
104107803,South Butler County SD,Butler,2688.783,3153.432,6503.39,4050.21,336.19,10889.79,0,1100.93,11990.72,6974.58
111444602,Mifflin County SD,Mifflin,5422.131,6352.664,6414.68,3703.3,165.93,10283.9,0,1703.52,11987.42,6105.43
101631803,Charleroi SD,Washington,1700.768,1998.073,7053.91,3245.22,204.69,10503.82,0,1458.69,11962.51,6532.72
108118503,Westmont Hilltop SD,Cambria,1611.854,1889.911,7263.17,3421.22,367.64,11052.03,292.54,606.77,11951.34,7699.41
108116303,Portage Area SD,Cambria,947.637,1061.038,6527.53,4080.2,486.57,11094.3,0,849.77,11944.07,7423.07
118409302,Wyoming Valley West SD,Luzerne,5348.137,6270.342,8412.91,2758.38,182.99,11354.28,26.25,561.01,11941.55,7398.73
119357402,Scranton SD,Lackawanna,10197.969,11483.511,7582.11,3309.07,136.55,11027.73,0,907.89,11935.63,7380.09
108116003,Penn Cambria SD,Cambria,1785.542,2083.228,6858.41,3887.94,256.44,11002.8,0,924.73,11927.53,6649.01
127045303,Midland Borough SD,Beaver,449.548,520.335,8492.43,2980.81,98.6,11571.84,0,354.23,11926.07,7733.87
118401603,Dallas SD,Luzerne,2750.133,3178.827,6532.87,3270.06,241.35,10044.28,0,1854.75,11899.03,6943.38
104377003,Union Area SD,Lawrence,846.923,972.058,7256.83,3525.35,417.51,11199.69,0,692.03,11891.72,7462.26
118406602,Pittston Area SD,Luzerne,3424.599,3999.34,7122.62,3531.8,251.09,10905.51,0,982.66,11888.17,7111.04
108116503,Richland SD,Cambria,1619.112,1903,6203.83,3256.47,470.39,9930.69,0,1956.7,11887.39,6605.53
107657103,Penn-Trafford SD,Westmoreland,4228.003,4878.089,6573.06,3792.44,402.26,10767.76,0,1108.71,11876.47,7126.52
119355503,Mid Valley SD,Lackawanna,1790.746,2079.972,7219.33,3113.12,370.8,10703.25,0,1169.97,11873.22,7194.4
105252602,Erie City SD,Erie,13664.375,15847.112,7699.66,3270.14,211.37,11181.17,8.32,675.4,11864.89,6352.05
107653102,Greater Latrobe SD,Westmoreland,4219.071,4960.472,6503.55,3432.78,232.15,10168.48,74.25,1587.72,11830.45,6460.92
108112203,Forest Hills SD,Cambria,1980.846,2297.761,7023.49,3743.6,390.51,11157.6,0,671.43,11829.03,7422.03
108071504,Claysburg-Kimmel SD,Blair,883.571,1028.971,6505.83,3796.79,228.29,10530.91,0,1296.91,11827.82,6484.82
104101252,Butler Area SD,Butler,7663.783,8788.128,7147.32,3403.92,171.97,10723.21,0,1056.95,11780.16,6854.8
119354603,Lakeland SD,Lackawanna,1612.545,1883.359,7453.48,3654.33,396.41,11504.22,7.44,205.95,11717.62,7384.73
112282004,Fannett-Metal SD,Franklin,561.193,659.561,6865.07,4548.37,205.05,11618.5,0,91,11709.5,6723.92
103028653,South Allegheny SD,Allegheny,1652.068,1938.871,7000.46,3589.58,283.88,10873.92,17.97,803.61,11695.51,6809.47
116498003,Warrior Run SD,Northumberland,1673.253,1955.971,6828.64,3770.82,246.56,10846.01,265.73,566.46,11678.2,7042.37
111312503,Huntingdon Area SD,Huntingdon,2109.609,2469.474,6493.3,3449.73,26.56,9969.59,36.66,1657.33,11663.58,6212.35
108561003,Berlin Brothersvalley SD,Somerset,878.676,1056.443,6575.67,3676.24,351.91,10603.82,0,1053.55,11657.36,6410.85
108051503,Chestnut Ridge SD,Bedford,1605.094,1875.763,6416.41,3843.69,235.09,10495.2,172.74,927.91,11595.85,6278.34
116191203,Bloomsburg Area SD,Columbia,1746.175,2041.4,6661.36,3425.55,291.98,10378.88,0,1189.75,11568.64,6836.67
101264003,Laurel Highlands SD,Fayette,3436.048,4033.558,7035.14,3263.3,184.26,10482.7,0,1032.94,11515.63,6600.46
116197503,Southern Columbia Area SD,Columbia,1513.845,1770.365,6910.85,3384.63,267.75,10563.23,0,946.05,11509.27,6766.17
116605003,Mifflinburg Area SD,Union,2233.999,2607.683,7010.87,3277.91,199.32,10488.11,0,1013.67,11501.78,6704.12
129544703,Minersville Area SD,Schuylkill,1341.305,1515.579,6711.83,3420.73,291.71,10424.28,29.82,1028.63,11482.73,7150.75
129547603,Tamaqua Area SD,Schuylkill,2144.466,2425.52,6812.42,3498.4,215.14,10525.95,156.01,776.02,11457.98,7199.12
129545003,North Schuylkill SD,Schuylkill,2048.992,2387.491,6978.33,3318.64,265.74,10562.72,0,869.32,11432.03,6675.21
118409203,Wyoming Area SD,Luzerne,2498.995,2931.801,7020.21,3244.94,269.4,10534.55,0,893.23,11427.78,6804.33
117416103,South Williamsport Area SD,Lycoming,1403.37,1636.681,6661.27,3125.53,353.32,10140.11,0,1279.43,11419.54,6771.49
127042853,Freedom Area SD,Beaver,1577.074,1857.162,6908.36,3681.35,305.41,10895.13,0,493.95,11389.07,7091.47
104105003,Mars Area SD,Butler,3337.556,3833.481,5874.06,3537.39,298.07,9709.52,0,1678.36,11387.89,6754.86
104432803,Greenville Area SD,Mercer,1444.208,1699.196,6802.67,3143.86,502.36,10448.89,4.93,916.58,11370.41,6265.35
108569103,Windber Area SD,Somerset,1272.281,1475.484,6795.49,3119.9,300.02,10215.42,0,1128.05,11343.47,6483.88
114067002,Reading SD,Berks,18354.598,20915.957,6716.1,3167.4,135.59,10019.09,0,1318.8,11337.89,6243.39
111317503,Southern Huntingdon County SD,Huntingdon,1288.528,1507.39,6505.59,4023.52,153.52,10682.64,0,648.63,11331.26,5807.13
108056004,Northern Bedford County SD,Bedford,1044.507,1211.081,6821.16,3675.31,307,10803.48,8.79,517.17,11329.44,6492.88
105258503,Northwestern SD,Erie,1572.504,1858.384,7205.39,3143.66,245.75,10594.81,0,716.83,11311.63,6114.54
101636503,Peters Township SD,Washington,4410.266,5062.608,6720.63,3299.53,265.29,10285.45,0,1014.31,11299.75,7375.31
113384603,Lebanon SD,Lebanon,4975.276,5700.944,6665.82,3193.21,255.3,10114.33,90.47,1082.35,11287.14,6068.8
115218003,Shippensburg Area SD,Cumberland,3514.478,4118.031,7257,2946.57,201.55,10405.12,0,878.19,11283.3,6806.21
112011103,Bermudian Springs SD,Adams,2127.387,2440.054,6153.12,3273.74,368.62,9795.49,0,1442.02,11237.51,6373.35
105254053,Girard SD,Erie,1923.111,2229.166,6804.34,3179.9,306.11,10290.35,23.44,903.08,11216.87,6464.27
115219002,West Shore SD,York,8022.849,9116.33,7122.68,3158.8,189.45,10470.93,3.45,727.66,11202.04,7153.44
116496503,Shamokin Area SD,Northumberland,2459.095,2869.38,7435.28,3579.12,175.91,11190.31,0,0,11190.31,5749.6
108111403,Conemaugh Valley SD,Cambria,904.418,1065.867,6437.06,3761.51,374.06,10572.63,0,592.47,11165.1,6460.76
107656502,Norwin SD,Westmoreland,5319.878,6089.292,6400.55,3211.82,326.44,9938.8,0,1169.24,11108.05,6665.32
118403302,Hazleton Area SD,Luzerne,10659.607,12425.912,6630.12,2636.64,141.25,9408.01,5.21,1685.62,11098.84,5436.5
108077503,Spring Cove SD,Blair,1893.545,2199.06,6605.87,3376.47,201.72,10184.05,112.06,795.82,11091.93,6608.37
119352203,Dunmore SD,Lackawanna,1568.478,1837.982,6793.78,3120.06,387.27,10301.1,0,767.81,11068.92,7011.5
104433903,Lakeview SD,Mercer,1244.694,1469.821,7193.2,3491.08,287.1,10971.38,58.75,31.15,11061.28,6567.23
112283003,Greencastle-Antrim SD,Franklin,3064.784,3590.473,6943,2980.99,192.63,10116.62,1.93,902.38,11020.93,6675.73
108111303,Central Cambria SD,Cambria,1751.421,2058.833,6656.58,3381.32,222.97,10260.87,0,747.55,11008.42,6186.13
129548803,Williams Valley SD,Schuylkill,1096.243,1275.124,7341.78,3210.66,288.27,10840.71,0,116.64,10957.35,6577.78
104435703,Sharpsville Area SD,Mercer,1317.48,1508.057,6328.38,3327.93,244.59,9900.91,0,1001.54,10902.45,6701.89
118401403,Crestwood SD,Luzerne,2908.131,3445.737,6781.62,3059.94,258.7,10100.27,0,698.25,10798.52,6295.68
119358403,Valley View SD,Lackawanna,2586.605,3023.772,6382.54,3241.5,180.42,9804.45,0,827.42,10631.88,6250.77
108070502,Altoona Area SD,Blair,7930.545,9244.979,6374.19,3452.11,236.53,10062.83,0,507.29,10570.11,5773.8
118402603,Greater Nanticoke Area SD,Luzerne,2346.892,2739.116,6589.02,2821.89,286.64,9697.55,134.85,474.93,10307.33,5848.5
111343603,Juniata County SD,Juniata,3012.96,3527.893,6058.82,3169.04,71.6,9299.46,0,940.63,10240.08,5581.32
109248003,Saint Marys Area SD,Elk,2250.672,2645.711,5611.59,3469.86,241.46,9322.91,36.43,753.61,10112.96,5788.09
116495103,Mount Carmel Area SD,Northumberland,1612.13,1884.814,6204.28,2287.28,168.27,8659.84,-0.46,1143.63,9803.01,5272.18
